-- MySQL dump 10.13  Distrib 8.0.27, for macos11 (arm64)
--
-- Host: 127.0.0.1    Database: hospital_prices
-- ------------------------------------------------------
-- Server version	8.0.27

/*!40101 SET @OLD_CHARACTER_SET_CLIENT=@@CHARACTER_SET_CLIENT */;
/*!40101 SET @OLD_CHARACTER_SET_RESULTS=@@CHARACTER_SET_RESULTS */;
/*!40101 SET @OLD_COLLATION_CONNECTION=@@COLLATION_CONNECTION */;
/*!50503 SET NAMES utf8mb4 */;
/*!40103 SET @OLD_TIME_ZONE=@@TIME_ZONE */;
/*!40103 SET TIME_ZONE='+00:00' */;
/*!40014 SET @OLD_UNIQUE_CHECKS=@@UNIQUE_CHECKS, UNIQUE_CHECKS=0 */;
/*!40014 SET @OLD_FOREIGN_KEY_CHECKS=@@FOREIGN_KEY_CHECKS, FOREIGN_KEY_CHECKS=0 */;
/*!40101 SET @OLD_SQL_MODE=@@SQL_MODE, SQL_MODE='NO_AUTO_VALUE_ON_ZERO' */;
/*!40111 SET @OLD_SQL_NOTES=@@SQL_NOTES, SQL_NOTES=0 */;

--
-- Table structure for table `hospital`
--

DROP TABLE IF EXISTS `hospital`;
/*!40101 SET @saved_cs_client     = @@character_set_client */;
/*!50503 SET character_set_client = utf8mb4 */;
CREATE TABLE `hospital` (
  `id` int NOT NULL AUTO_INCREMENT,
  `entity_cd` text,
  `hospital_name` varchar(50) DEFAULT NULL,
  PRIMARY KEY (`id`)
) ENGINE=InnoDB AUTO_INCREMENT=4 DEFAULT CHARSET=utf8mb4 COLLATE=utf8mb4_0900_ai_ci;
/*!40101 SET character_set_client = @saved_cs_client */;

--
-- Dumping data for table `hospital`
--

LOCK TABLES `hospital` WRITE;
/*!40000 ALTER TABLE `hospital` DISABLE KEYS */;
INSERT INTO `hospital` VALUES (1,'SSM-MCH','Monroe Clinic'),(2,'SSM-RCH','Ripon Clinic'),(3,'SSM-SAF','St. Agnes Hospital');
/*!40000 ALTER TABLE `hospital` ENABLE KEYS */;
UNLOCK TABLES;

--
-- Table structure for table `procedure`
--

DROP TABLE IF EXISTS `procedure`;
/*!40101 SET @saved_cs_client     = @@character_set_client */;
/*!50503 SET character_set_client = utf8mb4 */;
CREATE TABLE `procedure` (
  `id` int NOT NULL AUTO_INCREMENT,
  `code` text,
  `code_type` text,
  `code_desc` text,
  `procedure_category_id` int DEFAULT NULL,
  PRIMARY KEY (`id`),
  KEY `FK_procedure_category` (`procedure_category_id`),
  CONSTRAINT `FK_procedure_category` FOREIGN KEY (`procedure_category_id`) REFERENCES `procedure_category` (`id`)
) ENGINE=InnoDB AUTO_INCREMENT=2048 DEFAULT CHARSET=utf8mb4 COLLATE=utf8mb4_0900_ai_ci;
/*!40101 SET character_set_client = @saved_cs_client */;

--
-- Dumping data for table `procedure`
--

LOCK TABLES `procedure` WRITE;
/*!40000 ALTER TABLE `procedure` DISABLE KEYS */;
INSERT INTO `procedure` VALUES (1,'86769','HCPCS','Antibody Test - severe acute respiratory syndrome coronavirus 2',1),(2,'2504','Hospital Charge Master','^ABO CORD BLOOD',26),(3,'6196','Hospital Charge Master','^CROSSMATCH-ELECTRONIC',26),(4,'10424','Hospital Charge Master','^RH CORD BLOOD',26),(5,'2505','Hospital Charge Master','^RHDU CHARGE',26),(6,'G0008-0510','Hospital Charge Master','ADMIN INFLUENZA VIRUS VAC',7),(7,'G0008-0636','Hospital Charge Master','ADMIN INFLUENZA VIRUS VAC',13),(8,'G0008-0771','Hospital Charge Master','ADMIN INFLUENZA VIRUS VAC',72),(9,'66821','HCPCS','After cataract laser surgery',1),(10,'H0022','HCPCS','Alcohol And/Or Drug Interven',1),(11,'57240','HCPCS','Anterior colporrhaphy',1),(12,'20577','Hospital Charge Master','AQUAPLAST COMPLEX DEVICE',64),(13,'75710-0320','Hospital Charge Master','ARTERY X-RAYS, ARM/LEG',60),(14,'75710-0323','Hospital Charge Master','ARTERY X-RAYS, ARM/LEG',57),(15,'20610-0320','Hospital Charge Master','ARTHROCENTESIS ASPIR&/INJ MAJOR JT/BURSA W/O US',60),(16,'20610-0510','Hospital Charge Master','ARTHROCENTESIS ASPIR&/INJ MAJOR JT/BURSA W/O US',7),(17,'29827','HCPCS','Arthroscop rotator cuff repr',1),(18,'29828','HCPCS','Arthroscopy biceps tenodesis',1),(19,'84154','HCPCS','Assay of psa free',1),(20,'84153-0300','Hospital Charge Master','ASSAY OF PSA, TOTAL',24),(21,'84153-0301','Hospital Charge Master','ASSAY OF PSA, TOTAL',23),(22,'84443-0300','Hospital Charge Master','ASSAY THYROID STIM HORMONE',24),(23,'84443-0301','Hospital Charge Master','ASSAY THYROID STIM HORMONE',23),(24,'92585-0471','Hospital Charge Master','AUDITOR EVOKE POTENT, COMPRE',3),(25,'36821','HCPCS','Av fusion direct any site',1),(26,'68127','Hospital Charge Master','BASIC DOSIMETRY CALCULATION',64),(27,'55700','HCPCS','Biopsy of prostate',1),(28,'38500','HCPCS','Biopsy/removal lymph nodes',1),(29,'38510','HCPCS','Biopsy/removal lymph nodes',1),(30,'38525','HCPCS','Biopsy/removal lymph nodes',1),(31,'59064','Hospital Charge Master','BLOCKING DEVICE COMPLEX CERRO',64),(32,'36430-0280','Hospital Charge Master','BLOOD TRANSFUSION SERVICE',39),(33,'36430-0300','Hospital Charge Master','BLOOD TRANSFUSION SERVICE',24),(34,'36430-0391','Hospital Charge Master','BLOOD TRANSFUSION SERVICE',4),(35,'36430-0450','Hospital Charge Master','BLOOD TRANSFUSION SERVICE',20),(36,'31625','HCPCS','Bronchoscopy w/biopsy(s)',1),(37,'31628','HCPCS','Bronchoscopy/lung bx each',1),(38,'G0104','HCPCS','Ca screen;flexi sigmoidscope',1),(39,'75561','Hospital Charge Master','CARDIAC MRI FOR MORPH W/DYE',31),(40,'217','MS-DRG','Cardiac valve & oth maj cardiothoracic proc w card cath w CC',1),(41,'216','MS-DRG','Cardiac valve & oth maj cardiothoracic proc w card cath w MCC',1),(42,'93017-0480','Hospital Charge Master','CARDIOVASCULAR STRESS TEST',5),(43,'93017-0482','Hospital Charge Master','CARDIOVASCULAR STRESS TEST',6),(44,'64721','HCPCS','Carpal tunnel surgery',1),(45,'473','MS-DRG','Cervical spinal fusion w/o CC/MCC',1),(46,'59510','HCPCS','Cesarean delivery',1),(47,'787','MS-DRG','CESAREAN SECTION W/O STERILIZATION W CC',1),(48,'786','MS-DRG','CESAREAN SECTION W/O STERILIZATION W MCC',1),(49,'788','MS-DRG','CESAREAN SECTION W/O STERILIZATION W/O CC/MCC',1),(50,'93000-0730','Hospital Charge Master','CHARGE EKG TOTAL (READ & TRACE)',17),(51,'93000-0732','Hospital Charge Master','CHARGE EKG TOTAL (READ & TRACE)',19),(52,'93005-0510','Hospital Charge Master','CHARGE EKG TRACING',7),(53,'93005-0730','Hospital Charge Master','CHARGE EKG TRACING',17),(54,'93005-0732','Hospital Charge Master','CHARGE EKG TRACING',19),(55,'54161','HCPCS','Circum 28 days or older',1),(56,'G0121','HCPCS','Colon ca scrn not hi rsk ind',1),(57,'45380','HCPCS','Colonoscopy and biopsy',1),(58,'45391','HCPCS','Colonoscopy w/endoscope us',1),(59,'45384','HCPCS','Colonoscopy w/lesion removal',1),(60,'45385','HCPCS','Colonoscopy w/lesion removal',1),(61,'G0105','HCPCS','Colorectal scrn; hi risk ind',1),(62,'85025-0300','Hospital Charge Master','COMPLETE CBC W/AUTO DIFF WBC',24),(63,'85025-0305','Hospital Charge Master','COMPLETE CBC W/AUTO DIFF WBC',25),(64,'85027-0300','Hospital Charge Master','COMPLETE CBC, AUTOMATED',24),(65,'85027-0305','Hospital Charge Master','COMPLETE CBC, AUTOMATED',25),(66,'18509','Hospital Charge Master','COMPLEX DAILY TREATMENT',64),(67,'44324','Hospital Charge Master','COMPLEX ELECTRON BLOCK',64),(68,'80053-0300','Hospital Charge Master','COMPREHEN METABOLIC PANEL',24),(69,'80053-0301','Hospital Charge Master','COMPREHEN METABOLIC PANEL',23),(70,'10883','Hospital Charge Master','CONTINUING MEDICAL PHYSICS CONSULT',64),(71,'73525','Hospital Charge Master','CONTRAST X-RAY OF HIP',60),(72,'73580-0320','Hospital Charge Master','CONTRAST X-RAY OF KNEE JOINT',60),(73,'73580-0322','Hospital Charge Master','CONTRAST X-RAY OF KNEE JOINT',58),(74,'74220','Hospital Charge Master','CONTRAST XR ESOPHAGUS W/SCOUT FILMS',60),(75,'74420','Hospital Charge Master','CONTRST X-RAY, URINARY TRACT',60),(76,'28296','HCPCS','Correction hallux valgus',1),(77,'86769','Hospital Charge Master','Antibody Test; severe acute respiratory syndrome coronavirus 2',26),(78,'69436','HCPCS','Create eardrum opening',1),(79,'74176-0350','Hospital Charge Master','CT ABD & PELVIS W/O CONTRAST',10),(80,'74176-0352','Hospital Charge Master','CT ABD & PELVIS W/O CONTRAST',9),(81,'74178','Hospital Charge Master','CT ABD&PELV 1+ SECTION/REGNS',10),(82,'74170-0350','Hospital Charge Master','CT ABDOMEN W/O & W/ IV CONTRAST',10),(83,'74170-0350-TC','Hospital Charge Master','CT ABDOMEN W/O & W/ IV CONTRAST',10),(84,'74170-0352','Hospital Charge Master','CT ABDOMEN W/O & W/ IV CONTRAST',9),(85,'74170-0352-TC','Hospital Charge Master','CT ABDOMEN W/O & W/ IV CONTRAST',9),(86,'74150-0350','Hospital Charge Master','CT ABDOMEN W/O IV CONTRAST',10),(87,'74150-0352','Hospital Charge Master','CT ABDOMEN W/O IV CONTRAST',9),(88,'74160-0350','Hospital Charge Master','CT ABDOMEN WITH IV CONTRAST',10),(89,'74160-0350-52','Hospital Charge Master','CT ABDOMEN WITH IV CONTRAST',10),(90,'74160-0352','Hospital Charge Master','CT ABDOMEN WITH IV CONTRAST',9),(91,'74160-0352-52','Hospital Charge Master','CT ABDOMEN WITH IV CONTRAST',9),(92,'74160-0400','Hospital Charge Master','CT ABDOMEN WITH IV CONTRAST',43),(93,'74160-0400-52','Hospital Charge Master','CT ABDOMEN WITH IV CONTRAST',43),(94,'74177-0350','Hospital Charge Master','CT ABDOMEN&PELVIS W/CONTRAST',10),(95,'74177-0352','Hospital Charge Master','CT ABDOMEN&PELVIS W/CONTRAST',9),(96,'74174','Hospital Charge Master','CT ANGIO ABD&PLVIS CNTRST MTRL W/WO CNTRST IMGES',9),(97,'74175','Hospital Charge Master','CT ANGIO ABDOM W/O & W/DYE',10),(98,'75635-0320','Hospital Charge Master','CT ANGIO ABDOMINAL ARTERIES',60),(99,'75635-0352','Hospital Charge Master','CT ANGIO ABDOMINAL ARTERIES',9),(100,'75574-0350','Hospital Charge Master','CT ANGIO HRT W/3D IMAGE',10),(101,'75574-0352','Hospital Charge Master','CT ANGIO HRT W/3D IMAGE',9),(102,'70496','Hospital Charge Master','CT ANGIOGRAPHY, HEAD',10),(103,'70498-0350','Hospital Charge Master','CT ANGIOGRAPHY, NECK',10),(104,'70498-0350-TC','Hospital Charge Master','CT ANGIOGRAPHY, NECK',10),(105,'712505-0350','Hospital Charge Master','CT CARDIAC SCORING',10),(106,'712505-0352','Hospital Charge Master','CT CARDIAC SCORING',9),(107,'72125-0350','Hospital Charge Master','CT CERVICAL SPINE W/O IV CONTRAST',10),(108,'72125-0352','Hospital Charge Master','CT CERVICAL SPINE W/O IV CONTRAST',9),(109,'74261','Hospital Charge Master','CT COLONOGRAPHY, W/O DYE',10),(110,'70470-0350','Hospital Charge Master','CT HEAD W/O & W IV CONT',10),(111,'70470-0350-TC','Hospital Charge Master','CT HEAD W/O & W IV CONT',10),(112,'70470-0351','Hospital Charge Master','CT HEAD W/O & W IV CONT',11),(113,'70470-0351-TC','Hospital Charge Master','CT HEAD W/O & W IV CONT',11),(114,'70450-0350','Hospital Charge Master','CT HEAD W/O IV CONTR',10),(115,'70450-0350-TC','Hospital Charge Master','CT HEAD W/O IV CONTR',10),(116,'70450-0351','Hospital Charge Master','CT HEAD W/O IV CONTR',11),(117,'70450-0351-TC','Hospital Charge Master','CT HEAD W/O IV CONTR',11),(118,'73700','Hospital Charge Master','CT LOWER EXTERMITY W/O DYE',10),(119,'72131-0350','Hospital Charge Master','CT LUMBAR SPINE W/O IV CONT',10),(120,'72131-0352','Hospital Charge Master','CT LUMBAR SPINE W/O IV CONT',9),(121,'704860-0350','Hospital Charge Master','CT MANDIBLE LTD',10),(122,'704860-0350-52','Hospital Charge Master','CT MANDIBLE LTD',10),(123,'704860-0350-52-TC','Hospital Charge Master','CT MANDIBLE LTD',10),(124,'704860-0350-PC','Hospital Charge Master','CT MANDIBLE LTD',10),(125,'70486-0350','Hospital Charge Master','CT MAXILLOFACIAL W/O DYE',10),(126,'70486-0510','Hospital Charge Master','CT MAXILLOFACIAL W/O DYE',7),(127,'70480-0350','Hospital Charge Master','CT ORBIT, SELLA,POST FOSSA, OR EAR W/O IV CONT',10),(128,'70480-0350-TC','Hospital Charge Master','CT ORBIT, SELLA,POST FOSSA, OR EAR W/O IV CONT',10),(129,'70480-0351','Hospital Charge Master','CT ORBIT, SELLA,POST FOSSA, OR EAR W/O IV CONT',11),(130,'70480-0351-TC','Hospital Charge Master','CT ORBIT, SELLA,POST FOSSA, OR EAR W/O IV CONT',11),(131,'71275-0350','Hospital Charge Master','CT PULMONARY ANGIO CHEST PE',10),(132,'71275-0350-TC','Hospital Charge Master','CT PULMONARY ANGIO CHEST PE',10),(133,'72193-0350','Hospital Charge Master','CT SCAN OF PELVIS CONTRAST',10),(134,'72193-0400','Hospital Charge Master','CT SCAN OF PELVIS CONTRAST',43),(135,'72192','Hospital Charge Master','CT SCAN,PELVIS,W/O CONTRAST',10),(136,'70491-0350','Hospital Charge Master','CT SOFT TISSUE NECK W IV CONT',10),(137,'70491-0351','Hospital Charge Master','CT SOFT TISSUE NECK W IV CONT',11),(138,'72128-0350','Hospital Charge Master','CT THORACIC SPINE W/O IV CONT',10),(139,'72128-0350-TC','Hospital Charge Master','CT THORACIC SPINE W/O IV CONT',10),(140,'72128-0352','Hospital Charge Master','CT THORACIC SPINE W/O IV CONT',9),(141,'72128-0352-TC','Hospital Charge Master','CT THORACIC SPINE W/O IV CONT',9),(142,'71260-0350','Hospital Charge Master','CT THORAX W/ IV CONT',10),(143,'71260-0350-TC','Hospital Charge Master','CT THORAX W/ IV CONT',10),(144,'71260-0352','Hospital Charge Master','CT THORAX W/ IV CONT',9),(145,'71260-0352-TC','Hospital Charge Master','CT THORAX W/ IV CONT',9),(146,'71250','Hospital Charge Master','CT THORAX W/O DYE',10),(147,'73200','Hospital Charge Master','CT UPPER EXTREMITY W/O DYE',10),(148,'52000-0402','Hospital Charge Master','CYSTOSCOPY',46),(149,'52000-0510','Hospital Charge Master','CYSTOSCOPY',7),(150,'52000-0761','Hospital Charge Master','CYSTOSCOPY',70),(151,'45378','HCPCS','Diagnostic colonoscopy',1),(152,'77066-0401','Hospital Charge Master','DIAGNOSTIC MAMMOGRAPHY COMPUTER-AIDED DETCJ BI',42),(153,'77066-0401-TC','Hospital Charge Master','DIAGNOSTIC MAMMOGRAPHY COMPUTER-AIDED DETCJ BI',42),(154,'77065','Hospital Charge Master','DIAGNOSTIC MAMMOGRAPHY COMPUTER-AIDED DETCJ UNI',42),(155,'45330','HCPCS','Diagnostic sigmoidoscopy',1),(156,'77062','Hospital Charge Master','DIGITAL BREAST TOMOSYNTHESIS BILATERAL',42),(157,'77061','Hospital Charge Master','DIGITAL BREAST TOMOSYNTHESIS UNILATERAL',42),(158,'993850','Hospital Charge Master','DOT EXAM (NEW 18-39 YRS)',7),(159,'993860','Hospital Charge Master','DOT EXAM (NEW 40-64 YRS)',7),(160,'810035','Hospital Charge Master','DOT URINALYSIS FR URGENT CARE (POC)',27),(161,'31623','HCPCS','Dx bronchoscope/brush',1),(162,'31624','HCPCS','Dx bronchoscope/lavage',1),(163,'43239','HCPCS','Egd biopsy single/multiple',1),(164,'43235','HCPCS','Egd diagnostic brush wash',1),(165,'93000','HCPCS','Electrocardiogram complete',1),(166,'12834','Hospital Charge Master','ELECTRON CALCULATION',64),(167,'31267','HCPCS','Endoscopy maxillary sinus',1),(168,'92610','Hospital Charge Master','EVALUATE SWALLOWING FUNCTION',67),(169,'19125','HCPCS','Excision breast lesion',1),(170,'31256','HCPCS','Exploration maxillary sinus',1),(171,'93971-0402','Hospital Charge Master','EXTREMITY STUDY',46),(172,'93971-0921','Hospital Charge Master','EXTREMITY STUDY',41),(173,'90846','HCPCS','Family psytx w/o pt 50 min',1),(174,'90847','HCPCS','Family psytx w/pt 50 min',1),(175,'37224-0329','Hospital Charge Master','FEM/POPL REVAS W/TLA',61),(176,'37224-0480','Hospital Charge Master','FEM/POPL REVAS W/TLA',5),(177,'90853','HCPCS','Group psychotherapy',1),(178,'3739711','Hospital Charge Master','HB AQUATIC THERAPY/EXERCISES',52),(179,'3405088-0450','Hospital Charge Master','HB ARTHROCENTESIS ASPIR&/INJ MAJOR JT/BURSA W/O US',20),(180,'3405088-0456','Hospital Charge Master','HB ARTHROCENTESIS ASPIR&/INJ MAJOR JT/BURSA W/O US',71),(181,'3405144-0450','Hospital Charge Master','HB ARTHROCENTESIS ASPIR&/INJ MAJOR JT/BURSA W/O US',20),(182,'3405144-0456','Hospital Charge Master','HB ARTHROCENTESIS ASPIR&/INJ MAJOR JT/BURSA W/O US',71),(183,'4101781-0761','Hospital Charge Master','HB BIOPSY-LYMPH NODE',70),(184,'3761044','Hospital Charge Master','HB BTE EXERCISE',38),(185,'3032000','Hospital Charge Master','HB C R II REGULAR SESSION',47),(186,'3032010','Hospital Charge Master','HB C R III INITIAL SESSION',47),(187,'3033797','Hospital Charge Master','HB CARDIAC REHAB NON-ECG MONITORED SESSION',47),(188,'3550220','Hospital Charge Master','HB CARDIOLITE STRESS TEST',6),(189,'3550222','Hospital Charge Master','HB CHEMICAL STRESS TEST',6),(190,'3540003','Hospital Charge Master','HB EKG',17),(191,'3731040','Hospital Charge Master','HB GAIT TRAINING 15 MN 97116',52),(192,'3731042','Hospital Charge Master','HB GAIT TRAINING 15 MN MOD59',52),(193,'3110471','Hospital Charge Master','HB IMMUN ADMIN - 1ST VACCINE',72),(194,'3405393-0456','Hospital Charge Master','HB IMMUN ADMIN - 1ST VACCINE',71),(195,'3405393-0771','Hospital Charge Master','HB IMMUN ADMIN - 1ST VACCINE',72),(196,'3112911','Hospital Charge Master','HB INJECTION ANTIBIOTIC',40),(197,'3112912-0260','Hospital Charge Master','HB INJECTION IV',21),(198,'3112912-0920','Hospital Charge Master','HB INJECTION IV',40),(199,'3112912-0940','Hospital Charge Master','HB INJECTION IV',49),(200,'3400025','Hospital Charge Master','HB INSERT PICC W/US',20),(201,'3115137','Hospital Charge Master','HB IV PIGGYBACK INITIAL HR',21),(202,'3112913-0260','Hospital Charge Master','HB IV PUSH SGL OR INITIAL DRUG',21),(203,'3112913-0940','Hospital Charge Master','HB IV PUSH SGL OR INITIAL DRUG',49),(204,'3116365','Hospital Charge Master','HB IV TX/DX INFUSION TO 1 HR',21),(205,'3761018','Hospital Charge Master','HB MANUAL THERAPY (OT)',38),(206,'3731074','Hospital Charge Master','HB MANUAL THERAPY (PT)',52),(207,'3731072','Hospital Charge Master','HB NEUROMUSC REEDUC OF MVMNT',52),(208,'3769525','Hospital Charge Master','HB NEUROMUSCULAR REEDUCATION',38),(209,'3330113','Hospital Charge Master','HB NEWBORN HEARING SCREEN',3),(210,'3490031-0410','Hospital Charge Master','HB NPSG/CPAP 1ST HALF 4 ADDL PARAMETERS',65),(211,'3490031-0410-52','Hospital Charge Master','HB NPSG/CPAP 1ST HALF 4 ADDL PARAMETERS',65),(212,'3490032-0410','Hospital Charge Master','HB NPSG/CPAP 2ND HALF 4 ADDL PARAMETERS',65),(213,'3490032-0410-52','Hospital Charge Master','HB NPSG/CPAP 2ND HALF 4 ADDL PARAMETERS',65),(214,'3490032-0920','Hospital Charge Master','HB NPSG/CPAP 2ND HALF 4 ADDL PARAMETERS',40),(215,'3490032-0920-52','Hospital Charge Master','HB NPSG/CPAP 2ND HALF 4 ADDL PARAMETERS',40),(216,'3490033-0410','Hospital Charge Master','HB NPSG/CPAP 4 ADDL PARAMETERS',65),(217,'3490033-0920','Hospital Charge Master','HB NPSG/CPAP 4 ADDL PARAMETERS',40),(218,'3767167','Hospital Charge Master','HB OCCUPATIONAL THERAPY EVAL HIGH COMPLEX 60 MINS',37),(219,'3767165','Hospital Charge Master','HB OCCUPATIONAL THERAPY EVAL LOW COMPLEX 30 MINS',37),(220,'3767166','Hospital Charge Master','HB OCCUPATIONAL THERAPY EVAL MOD COMPLEX 45 MINS',37),(221,'3761042','Hospital Charge Master','HB OT TERAP EX 15M MOD59',38),(222,'3761203','Hospital Charge Master','HB OT THERAP INTER FOCUS ON COGN FUNC & COMPNSTRY STRATG TO MNG',38),(223,'3761022','Hospital Charge Master','HB OT THERAPEUTIC ACT 15MIN',38),(224,'3761039','Hospital Charge Master','HB OT THERAPEUTIC EX 15MIN',38),(225,'3761021','Hospital Charge Master','HB OT THERAPY ADL 15 MIN',38),(226,'3761013','Hospital Charge Master','HB OT THPY ADL 15M MOD59',38),(227,'3030239','Hospital Charge Master','HB OTH RESP PROC, GROUP',65),(228,'3737163','Hospital Charge Master','HB PHYSICAL THERAPY EVALUATION HIGH COMPLEX 45 MINS',51),(229,'3737161','Hospital Charge Master','HB PHYSICAL THERAPY EVALUATION LOW COMPLEX 20 MINS',51),(230,'3737162','Hospital Charge Master','HB PHYSICAL THERAPY EVALUATION MOD COMPLEX 30 MINS',51),(231,'3490011','Hospital Charge Master','HB POLYSOMNOGRAPH 1ST HALF 3 ADDL PARAMETERS',40),(232,'3495810','Hospital Charge Master','HB POLYSOMNOGRAPH 2ND HALF 3 ADDL PARAMETERS',40),(233,'3490010-0749','Hospital Charge Master','HB POLYSOMNOGRAPH 3 ADDL PARAMETERS',16),(234,'3490010-0920','Hospital Charge Master','HB POLYSOMNOGRAPH 3 ADDL PARAMETERS',40),(235,'3739715','Hospital Charge Master','HB PT GROUP THERAPY',52),(236,'3735061','Hospital Charge Master','HB PT SCHOOLS 1/4 HOUR',52),(237,'3030424','Hospital Charge Master','HB PULMONARY REHAB W EXER',50),(238,'4101752-0350','Hospital Charge Master','HB RENAL PERCUTANEOUS BX',10),(239,'3550221','Hospital Charge Master','HB STRESS TREADMILL',6),(240,'3030236','Hospital Charge Master','HB SUPERVISED EXERCISE THERAPY FOR PERIPHERAL ARTERY DISEASE WIT',5),(241,'3731039','Hospital Charge Master','HB THERAPEUTIC ACTIVIT 15MIN',52),(242,'3263034','Hospital Charge Master','HB THERAPEUTIC INJECTION IM/SQ',40),(243,'3306372','Hospital Charge Master','HB THERAPEUTIC INJECTION IM/SQ',49),(244,'3731024','Hospital Charge Master','HB THPX EXERC 15 MIN MOD59',52),(245,'3731020','Hospital Charge Master','HB THPX EXERCISE 15 MIN',52),(246,'3559366','Hospital Charge Master','HB TILT TABLE',5),(247,'3731071','Hospital Charge Master','HB TRANSFER TRAINING 15 MIN',52),(248,'4109397','Hospital Charge Master','HB US DOPPLER COMPLETE (TESTICULAR/OVARARIAN)',40),(249,'3119099-0761','Hospital Charge Master','HB WOUND VAC',70),(250,'18452','Hospital Charge Master','HC ANGIO EXTREM UNILAT S&I',57),(251,'21693','Hospital Charge Master','HC ANKLE 2 VW',60),(252,'2580','Hospital Charge Master','HC ANKLE 2 VW',60),(253,'486','Hospital Charge Master','HC ANKLE 3+ VW',60),(254,'57949','Hospital Charge Master','HC ANKLE 3+ VW',60),(255,'57981','Hospital Charge Master','HC ANKLE BRACH INDEX/SGL DOPPLER',41),(256,'57967','Hospital Charge Master','HC ANKLE SINGLE VIEW',60),(257,'7504','Hospital Charge Master','HC ANKLE SINGLE VIEW',60),(258,'66558','Hospital Charge Master','HC AORTOGRAM ABD SERIAL S&I',57),(259,'57982','Hospital Charge Master','HC ART DUPLEX LE OR BYPASS GRAFT/UNI',41),(260,'11970','Hospital Charge Master','HC ARTERIAL STUDY EXTREM BILATERAL LIMITED',41),(261,'22064','Hospital Charge Master','HC ARTHROCENTESIS JOINT MAJOR WO US',61),(262,'4600','Hospital Charge Master','HC ARTHROCENTESIS JOINT MAJOR WO US',60),(263,'21734','Hospital Charge Master','HC BLOOD TRANSFUSION SERVICE',20),(264,'22214','Hospital Charge Master','HC BLOOD TRANSFUSION SERVICE',4),(265,'24537','Hospital Charge Master','HC BLOOD TRANSFUSION SERVICE',4),(266,'44255','Hospital Charge Master','HC BLOOD TRANSFUSION SERVICE',20),(267,'22201','Hospital Charge Master','HC BONE LENGTH SCANOGRAM',60),(268,'12110','Hospital Charge Master','HC BRONCHODILATOR PRE/POST TEST',56),(269,'14893','Hospital Charge Master','HC BRONCHODILATOR PRE/POST TEST',56),(270,'13473','Hospital Charge Master','HC CALCANEUS 2+ VW',60),(271,'25913','Hospital Charge Master','HC CANALITH REPOSITIONING PER DAY PT',52),(272,'23321','Hospital Charge Master','HC CARD REHAB EXER INIT VISIT',47),(273,'58015','Hospital Charge Master','HC CARD REHAB EXER INIT VISIT',47),(274,'12091','Hospital Charge Master','HC CARD REHAB W/ EKG',47),(275,'21750','Hospital Charge Master','HC CARD REHAB W/ EKG',47),(276,'15386','Hospital Charge Master','HC CARD REHAB W/ EKG PHASE II',47),(277,'20550','Hospital Charge Master','HC CARD REHAB W/ EKG PHASE II',47),(278,'12836','Hospital Charge Master','HC CARD STRESS TEST ROUTINE',6),(279,'7563','Hospital Charge Master','HC CARD STRESS TEST ROUTINE',6),(280,'23285','Hospital Charge Master','HC CERVICAL SPINE 2 OR 3 VW',60),(281,'23161','Hospital Charge Master','HC CERVICAL SPINE MIN 4+ VW',60),(282,'7391','Hospital Charge Master','HC CERVICAL SPINE MIN 4+ VW',60),(283,'11962','Hospital Charge Master','HC CHEMO NON-HORMONAL ANTINEOPL SUBQ/IM',62),(284,'13972','Hospital Charge Master','HC CHOLANGIOGRAM OPERATIVE',60),(285,'21710','Hospital Charge Master','HC CLAVICLE',60),(286,'12094','Hospital Charge Master','HC COGNITIVE FUNC W PATIENT INIT 15 MIN OT',38),(287,'8981','Hospital Charge Master','HC COGNITIVE FUNC W PATIENT INIT 15 MIN OT',38),(288,'22098','Hospital Charge Master','HC COGNITIVE FUNC W PATIENT INIT 15 MIN ST',68),(289,'44298','Hospital Charge Master','HC COGNITIVE FUNC W PATIENT INIT 15 MIN ST',68),(290,'7314','Hospital Charge Master','HC COLLECTION BLOOD CENTRL OR PERIPH CATH',70),(291,'2410','Hospital Charge Master','HC COLLECTION BLOOD IMPLANTED VAD',70),(292,'68126','Hospital Charge Master','HC CONSULT RADN PHYSICS CONTINUING',64),(293,'8944','Hospital Charge Master','HC CT ABDOMEN NON IV CONTRAST',9),(294,'13495','Hospital Charge Master','HC CT ABDOMEN PELVIS W CONTRAST',9),(295,'57966','Hospital Charge Master','HC CT ABDOMEN PELVIS W CONTRAST',9),(296,'23162','Hospital Charge Master','HC CT ABDOMEN PELVIS WO CONTRAST',9),(297,'5144','Hospital Charge Master','HC CT ABDOMEN PELVIS WO CONTRAST',9),(298,'10526','Hospital Charge Master','HC CT ABDOMEN PELVIS WWO CONTRAST',9),(299,'7503','Hospital Charge Master','HC CT ABDOMEN PELVIS WWO CONTRAST',9),(300,'487','Hospital Charge Master','HC CT ABDOMEN WITH & WITHOUT IV CONTRAST',9),(301,'58972','Hospital Charge Master','HC CT ABDOMEN WITH & WITHOUT IV CONTRAST',9),(302,'13480','Hospital Charge Master','HC CT ABDOMEN WITH IV CONTRAST',9),(303,'24504','Hospital Charge Master','HC CT ABDOMEN WITH IV CONTRAST',9),(304,'2575','Hospital Charge Master','HC CT ANGIO ABD AORTA BIL LOW EXT W/WO',9),(305,'7370','Hospital Charge Master','HC CT ANGIO ABD AORTA BIL LOW EXT W/WO',9),(306,'10829','Hospital Charge Master','HC CT ANGIO ABDOMEN PELVIS W WO CON',9),(307,'21733','Hospital Charge Master','HC CT ANGIO ABDOMEN PELVIS W WO CON',9),(308,'23168','Hospital Charge Master','HC CT ANGIO CHEST W/WO CONTRAST',10),(309,'8954','Hospital Charge Master','HC CT ANGIO CHEST W/WO CONTRAST',10),(310,'20493','Hospital Charge Master','HC CT ANGIO HEAD WITH AND WITHOUT CONTRAST',10),(311,'7393','Hospital Charge Master','HC CT ANGIO HEAD WITH AND WITHOUT CONTRAST',10),(312,'13477','Hospital Charge Master','HC CT ANGIO NECK',10),(313,'2583','Hospital Charge Master','HC CT ANGIO NECK',10),(314,'21697','Hospital Charge Master','HC CT ANGIO PELVIS',9),(315,'23276','Hospital Charge Master','HC CT CERVICAL SPINE NON CONTRAST',9),(316,'13478','Hospital Charge Master','HC CT CERVICAL SPINE WITH & WITHOUT CONTRAST',9),(317,'23277','Hospital Charge Master','HC CT CERVICAL SPINE WITH CONTRAST',9),(318,'10540','Hospital Charge Master','HC CT CHEST LOW DOSE FOR LUNG CA SCREEN',9),(319,'23300','Hospital Charge Master','HC CT CHEST LOW DOSE FOR LUNG CA SCREEN',9),(320,'10772','Hospital Charge Master','HC CT CHEST NON  CONTRAST',9),(321,'8928','Hospital Charge Master','HC CT CHEST NON  CONTRAST',9),(322,'7376','Hospital Charge Master','HC CT CHEST WITH & WITHOUT  CONTRAST',9),(323,'5131','Hospital Charge Master','HC CT CHEST WITH CONTRAST',9),(324,'57951','Hospital Charge Master','HC CT CHEST WITH CONTRAST',9),(325,'20629','Hospital Charge Master','HC CT HEAD NON CONTRAST',11),(326,'44208','Hospital Charge Master','HC CT HEAD NON CONTRAST',11),(327,'22044','Hospital Charge Master','HC CT HEAD WITH & WITHOUT CONTRAST',11),(328,'10770','Hospital Charge Master','HC CT HEAD WITH CONTRAST',11),(329,'13474','Hospital Charge Master','HC CT HEAD WITH CONTRAST',11),(330,'10516','Hospital Charge Master','HC CT LOWER EXTREMITY NON CONTRAST',9),(331,'22046','Hospital Charge Master','HC CT LOWER EXTREMITY NON CONTRAST',9),(332,'5133','Hospital Charge Master','HC CT LOWER EXTREMITY WITH  CONTRAST',9),(333,'23279','Hospital Charge Master','HC CT LOWER EXTREMITY WITH & WITHOUT CONTRAST',9),(334,'4587','Hospital Charge Master','HC CT LUMBAR SPINE NON CONTRAST',9),(335,'7378','Hospital Charge Master','HC CT LUMBAR SPINE WITH & WITHOUT CONTRAST',9),(336,'13974','Hospital Charge Master','HC CT LUMBAR SPINE WITH CONTRAST',9),(337,'13476','Hospital Charge Master','HC CT MAXILLOFACIAL W & WO CONTRAST',11),(338,'7375','Hospital Charge Master','HC CT MAXILLOFACIAL W CONTRAST',11),(339,'57952','Hospital Charge Master','HC CT PELVIS WITH & WITHOUT IV CONTRAST',9),(340,'7380','Hospital Charge Master','HC CT PELVIS WITH & WITHOUT IV CONTRAST',9),(341,'10515','Hospital Charge Master','HC CT PELVIS WITH IV CONTRAST',9),(342,'7379','Hospital Charge Master','HC CT PELVIS WITH IV CONTRAST',9),(343,'4588','Hospital Charge Master','HC CT PELVIS WO CONTRAST',9),(344,'10823','Hospital Charge Master','HC CT SCREEN CARDIAC SCORING',9),(345,'5130','Hospital Charge Master','HC CT SINUS FACIAL BONES NON CONTRAST',11),(346,'58967','Hospital Charge Master','HC CT SINUS FACIAL BONES NON CONTRAST',11),(347,'21695','Hospital Charge Master','HC CT SOFT TISSUE NECK NON CONTRAST',11),(348,'10514','Hospital Charge Master','HC CT SOFT TISSUE NECK WITH & WITHOUT CONTRAST',11),(349,'21696','Hospital Charge Master','HC CT SOFT TISSUE NECK WITH & WITHOUT CONTRAST',11),(350,'44209','Hospital Charge Master','HC CT SOFT TISSUE NECK WITH CONTRAST',11),(351,'8927','Hospital Charge Master','HC CT SOFT TISSUE NECK WITH CONTRAST',11),(352,'23278','Hospital Charge Master','HC CT THORACIC SPINE NON CONTRAST',9),(353,'58969','Hospital Charge Master','HC CT THORACIC SPINE NON CONTRAST',9),(354,'13973','Hospital Charge Master','HC CT THORACIC SPINE WITH & WITHOUT CONTRAST',9),(355,'7377','Hospital Charge Master','HC CT THORACIC SPINE WITH CONTRAST',9),(356,'20631','Hospital Charge Master','HC CT UPPER EXTREMITY NON CONTRAST',9),(357,'13479','Hospital Charge Master','HC CT UPPER EXTREMITY W AND WO CONTRAST',9),(358,'20480','Hospital Charge Master','HC CT UPPER EXTREMITY WITH  CONTRAST',9),(359,'5132','Hospital Charge Master','HC CT UPPER EXTREMITY WITH  CONTRAST',9),(360,'10788','Hospital Charge Master','HC DEXA BONE DENSITY AXIAL SKELETON',60),(361,'6117','Hospital Charge Master','HC DEXA BONE DENSITY AXIAL SKELETON',60),(362,'20561','Hospital Charge Master','HC DIABETES OP SELF MGMT INDIV EA 30MIN',49),(363,'22249','Hospital Charge Master','HC DIABETES OP SELF MGMT INDIV EA 30MIN',48),(364,'59039','Hospital Charge Master','HC DIABETES OP SELF MGMT INDIV EA 30MIN',48),(365,'8985','Hospital Charge Master','HC DIABETES OP SELF MGMT INDIV EA 30MIN',49),(366,'41096','Hospital Charge Master','HC DUPLEX ARTERY OR BYPASS LE BILAT',41),(367,'7309','Hospital Charge Master','HC DUPLEX ARTERY OR BYPASS LE BILAT',41),(368,'44311','Hospital Charge Master','HC DUPLEX ARTERY OR BYPASS UE UNILAT',41),(369,'7449','Hospital Charge Master','HC DUPLEX ARTERY OR BYPASS UE UNILAT',41),(370,'10844','Hospital Charge Master','HC DUPLEX CAROTID BILAT',41),(371,'2386','Hospital Charge Master','HC DUPLEX CAROTID BILAT',41),(372,'22109','Hospital Charge Master','HC DUPLEX VEIN EXTREM BILAT',41),(373,'59048','Hospital Charge Master','HC DUPLEX VEIN EXTREM BILAT',41),(374,'12113','Hospital Charge Master','HC DUPLEX VEIN EXTREM UNILAT',41),(375,'5204','Hospital Charge Master','HC DUPLEX VEIN EXTREM UNILAT',41),(376,'22221','Hospital Charge Master','HC ECG MONITOR UP TO 48 HRS RECORDING',18),(377,'66551','Hospital Charge Master','HC ECG MONITOR UP TO 48 HRS RECORDING',18),(378,'7115','Hospital Charge Master','HC ECG MONITOR UP TO 48HRS SCAN W REPORT',18),(379,'7415','Hospital Charge Master','HC ECG MONITOR UP TO 48HRS SCAN W REPORT',18),(380,'23186','Hospital Charge Master','HC ECHO TTE CONG ANOM CMPLT',14),(381,'10893','Hospital Charge Master','HC ECHO TTE W/DPLRS COMPLT',14),(382,'41102','Hospital Charge Master','HC ECHO TTE W/DPLRS COMPLT',14),(383,'22133','Hospital Charge Master','HC ED APPLIC SPLINT SHORT ARM STATIC',71),(384,'5226','Hospital Charge Master','HC ED APPLIC SPLINT SHORT ARM STATIC',20),(385,'5234','Hospital Charge Master','HC ED ARTHROCENTESIS JOINT INTERMED WO US',20),(386,'8715','Hospital Charge Master','HC ED ARTHROCENTESIS JOINT INTERMED WO US',20),(387,'21780','Hospital Charge Master','HC ED ARTHROCENTESIS JOINT MAJOR WO US',20),(388,'25922','Hospital Charge Master','HC ED ARTHROCENTESIS JOINT MAJOR WO US',20),(389,'10875','Hospital Charge Master','HC ED CARPAL TUNNEL RELEASE UNILAT',20),(390,'8983','Hospital Charge Master','HC ED CARPAL TUNNEL RELEASE UNILAT',20),(391,'12025','Hospital Charge Master','HC ED EVAL DEVICE PROGRAM PM DUAL',20),(392,'12874','Hospital Charge Master','HC ED INJ THER/PROPH/DIAG IVP SNGL OR INIT',20),(393,'22274','Hospital Charge Master','HC ED INJ THER/PROPH/DIAG IVP SNGL OR INIT',71),(394,'9022','Hospital Charge Master','HC ED INJ THER/PROPH/DIAG IVP SNGL OR INIT',20),(395,'18213','Hospital Charge Master','HC ED INJ THER/PROPH/DIAG SUBQ/IM',20),(396,'21787','Hospital Charge Master','HC ED INJ THER/PROPH/DIAG SUBQ/IM',71),(397,'41116','Hospital Charge Master','HC ED INJ THER/PROPH/DIAG SUBQ/IM',20),(398,'68170','Hospital Charge Master','HC ED INJ TRIGGER POINT 1 OR 2 MUSC',20),(399,'64198','Hospital Charge Master','HC ED INSERT NON TUN CVC 5+ YRS',20),(400,'7472','Hospital Charge Master','HC ED IV INF HYDRATION INIT 31 MIN TO 1HR',20),(401,'18532','Hospital Charge Master','HC ED IV INF THER/PROPH/DIAG 1ST HR',20),(402,'21781','Hospital Charge Master','HC ED IV INF THER/PROPH/DIAG 1ST HR',20),(403,'7587','Hospital Charge Master','HC ED IV INF THER/PROPH/DIAG 1ST HR',71),(404,'4664','Hospital Charge Master','HC ED RPR SCLP/TRNK/EXTRM SMPL <= 2.5CM',20),(405,'5232','Hospital Charge Master','HC ED RPR SCLP/TRNK/EXTRM SMPL <= 2.5CM',71),(406,'23187','Hospital Charge Master','HC EKG 12 LEAD',17),(407,'23308','Hospital Charge Master','HC EKG 12 LEAD',17),(408,'13995','Hospital Charge Master','HC ELBOW 2 VW',60),(409,'22202','Hospital Charge Master','HC ELBOW 3+ VW',60),(410,'22266','Hospital Charge Master','HC ELECTRICAL STIMULATION EA 15 MIN OT',38),(411,'58047','Hospital Charge Master','HC ELECTRICAL STIMULATION EA 15 MIN OT',38),(412,'14918','Hospital Charge Master','HC ELECTRICAL STIMULATION EA 15 MIN PT',52),(413,'18209','Hospital Charge Master','HC ELECTRICAL STIMULATION EA 15 MIN PT',52),(414,'13517','Hospital Charge Master','HC EVAL DEVICE PROGRAM PM DUAL',5),(415,'59768','Hospital Charge Master','HC EVAL SWALLOW FUNC CINE/VIDEO RECRD ST',68),(416,'7461','Hospital Charge Master','HC EVAL SWALLOW FUNCTION 15 MIN ST',68),(417,'22264','Hospital Charge Master','HC EVAL SWALLOW FUNCTION 30 MIN ST',68),(418,'2432','Hospital Charge Master','HC EVAL SWALLOW FUNCTION 45 MIN ST',68),(419,'23348','Hospital Charge Master','HC EVAL SWALLOW FUNCTION 60 MIN ST',68),(420,'20523','Hospital Charge Master','HC EVENT RECORDING EKG REMOTE UP TO 30 DAYS',18),(421,'4616','Hospital Charge Master','HC EVENT RECORDING EKG REMOTE UP TO 30 DAYS',18),(422,'10764','Hospital Charge Master','HC EYE FOREIGN BODY',60),(423,'22041','Hospital Charge Master','HC EYE FOREIGN BODY',60),(424,'21755','Hospital Charge Master','HC FACLTY OP EST PT LEVEL 1',70),(425,'23332','Hospital Charge Master','HC FACLTY OP EST PT LEVEL 1',71),(426,'23333','Hospital Charge Master','HC FACLTY OP EST PT LEVEL 1',7),(427,'8986','Hospital Charge Master','HC FACLTY OP EST PT LEVEL 1',20),(428,'14889','Hospital Charge Master','HC FACLTY OP EST PT LEVEL 2',71),(429,'8987','Hospital Charge Master','HC FACLTY OP EST PT LEVEL 2',7),(430,'7572','Hospital Charge Master','HC FACLTY OP EST PT LEVEL 3',71),(431,'44258','Hospital Charge Master','HC FACLTY OP NEW LEVEL 3',7),(432,'4606','Hospital Charge Master','HC FACLTY OP NEW LEVEL 3',70),(433,'14904','Hospital Charge Master','HC FACLTY OP NEW LEVEL 4',70),(434,'68141','Hospital Charge Master','HC FACLTY OP NEW LEVEL 4',7),(435,'68142','Hospital Charge Master','HC FACLTY OP NEW LEVEL 4',70),(436,'12851','Hospital Charge Master','HC FACLTY OP NEW LEVEL 5',7),(437,'2428','Hospital Charge Master','HC FACLTY OP NEW LEVEL 5',70),(438,'59059','Hospital Charge Master','HC FAMILY PSYCHOTHERAPY W PT 50 MIN',53),(439,'8997','Hospital Charge Master','HC FAMILY PSYCHOTHERAPY W PT 50 MIN',53),(440,'20583','Hospital Charge Master','HC FAMILY PSYCHOTHERAPY WO PT 50 MIN',53),(441,'22119','Hospital Charge Master','HC FAMILY PSYCHOTHERAPY WO PT 50 MIN',53),(442,'8945','Hospital Charge Master','HC FINGER SINGLE VIEW',60),(443,'8946','Hospital Charge Master','HC FINGERS (MULTIPLE)',60),(444,'13992','Hospital Charge Master','HC FL ARTHROGRAM SHOULDER',58),(445,'10791','Hospital Charge Master','HC FLUORO RETROGRADE PYELOGRAM W/WO KUB',60),(446,'13971','Hospital Charge Master','HC FOOT 2 VW',60),(447,'23302','Hospital Charge Master','HC FOOT 2 VW REDUCED SERVICE',60),(448,'21694','Hospital Charge Master','HC FOOT 3+ VW',60),(449,'24501','Hospital Charge Master','HC FOOT 3+ VW',60),(450,'504','Hospital Charge Master','HC FOREARM 2 VW',60),(451,'21713','Hospital Charge Master','HC FOREARM SINGLE VIEW REDUCED SERVICE',60),(452,'12869','Hospital Charge Master','HC GAIT TRAINING EA 15 MIN PT',52),(453,'9011','Hospital Charge Master','HC GAIT TRAINING EA 15 MIN PT',52),(454,'2677','Hospital Charge Master','HC GROUP PSYCH THERAPY SESSION',54),(455,'7456','Hospital Charge Master','HC GROUP PSYCH THERAPY SESSION',54),(456,'482','Hospital Charge Master','HC HAND 2 VW',60),(457,'2577','Hospital Charge Master','HC HAND 3+ VW',60),(458,'7371','Hospital Charge Master','HC HAND 3+ VW',60),(459,'64205','Hospital Charge Master','HC HEPATOBIL SYST IMAGE W/DRUG',35),(460,'21714','Hospital Charge Master','HC HUMERUS 2+ VW',60),(461,'7404','Hospital Charge Master','HC HUMERUS REDUCED SERVICE',60),(462,'10551','Hospital Charge Master','HC HYPERBARIC OXYGEN FULL BODY PER 30 MIN',66),(463,'2411','Hospital Charge Master','HC IMMUNIZ ADMIN 1 SNGL/COMB VAC/TOXOID',72),(464,'22111','Hospital Charge Master','HC INHALATION TREATMENT W/MED',65),(465,'8996','Hospital Charge Master','HC INHALATION TREATMENT W/MED SUBSEQUENT',65),(466,'2412','Hospital Charge Master','HC INJ THER/PROPH/DIAG IVP SNGL OR INIT',49),(467,'7303','Hospital Charge Master','HC INJ THER/PROPH/DIAG IVP SNGL OR INIT',49),(468,'12103','Hospital Charge Master','HC INJ THER/PROPH/DIAG SUBQ/IM',49),(469,'2413','Hospital Charge Master','HC INJ THER/PROPH/DIAG SUBQ/IM',71),(470,'7442','Hospital Charge Master','HC INJ THER/PROPH/DIAG SUBQ/IM',49),(471,'44248','Hospital Charge Master','HC INJ TRANSFORAM NERVE L/S SNGL',70),(472,'10818','Hospital Charge Master','HC INSERT PICC WO SQ PT >=5YRS WO IMG',70),(473,'22068','Hospital Charge Master','HC INSERT PICC WO SQ PT >=5YRS WO IMG',70),(474,'64316','Hospital Charge Master','HC INSERT TUN CVC WO PT/PP 5+YRS',70),(475,'12855','Hospital Charge Master','HC INTERR PM ICD REMOTE TECH SUPRT <=90DAY',5),(476,'5198','Hospital Charge Master','HC IRRIGATION VAD',49),(477,'12104','Hospital Charge Master','HC IV INF CHEMO 1 HR',63),(478,'14885','Hospital Charge Master','HC IV INF CHEMO 1 HR',63),(479,'13511','Hospital Charge Master','HC IV INF HYDRATION INIT 31 MIN TO 1HR',21),(480,'2622','Hospital Charge Master','HC IV INF THER/PROPH/DIAG 1ST HR',21),(481,'7408','Hospital Charge Master','HC IV INF THER/PROPH/DIAG 1ST HR',21),(482,'24499','Hospital Charge Master','HC KNEE 1 OR 2 VW',60),(483,'484','Hospital Charge Master','HC KNEE 1 OR 2 VW',60),(484,'13471','Hospital Charge Master','HC KNEE 3 VW',60),(485,'485','Hospital Charge Master','HC KNEES AP BILATERAL STANDING',60),(486,'18551','Hospital Charge Master','HC LAB PT POCT ANTICOAG',25),(487,'21798','Hospital Charge Master','HC LAB PT POCT ANTICOAG',25),(488,'65255','Hospital Charge Master','HC LAB PT POCT ANTICOAG STL',25),(489,'9031','Hospital Charge Master','HC LAB PT POCT ANTICOAG STL',25),(490,'10863','Hospital Charge Master','HC LAB PT POCT CLW',25),(491,'8975','Hospital Charge Master','HC LAB PT POCT CLW',25),(492,'10525','Hospital Charge Master','HC LUMBAR SPINE 2 OR 3 VW',60),(493,'13990','Hospital Charge Master','HC LUMBAR SPINE 2 OR 3 VW',60),(494,'20490','Hospital Charge Master','HC LUMBAR SPINE 4+ VW',60),(495,'8940','Hospital Charge Master','HC LUMBAR SPINE 4+ VW',60),(496,'10571','Hospital Charge Master','HC MAMM DX BILATERAL INCLUDES CAD',42),(497,'22229','Hospital Charge Master','HC MAMM DX BILATERAL INCLUDES CAD',42),(498,'2388','Hospital Charge Master','HC MAMM DX UNILATERAL INCLUDES CAD',42),(499,'66564','Hospital Charge Master','HC MAMM DX UNILATERAL INCLUDES CAD',42),(500,'4621','Hospital Charge Master','HC MAMM SCREEN BILAT INCLUDES CAD',45),(501,'59018','Hospital Charge Master','HC MAMM SCREEN BILAT INCLUDES CAD',45),(502,'18473','Hospital Charge Master','HC MAMM SCREEN UNILAT INCLUDES CAD',45),(503,'7541','Hospital Charge Master','HC MAMM SCREEN UNILAT INCLUDES CAD',45),(504,'22106','Hospital Charge Master','HC MANUAL THER TECH 1+REGIONS EA 15 MIN',2),(505,'44309','Hospital Charge Master','HC MANUAL THER TECH 1+REGIONS EA 15 MIN',2),(506,'22130','Hospital Charge Master','HC MANUAL THER TECH 1+REGIONS EA 15 MIN OT',38),(507,'58049','Hospital Charge Master','HC MANUAL THER TECH 1+REGIONS EA 15 MIN OT',38),(508,'21778','Hospital Charge Master','HC MANUAL THER TECH 1+REGIONS EA 15 MIN PT',52),(509,'58050','Hospital Charge Master','HC MANUAL THER TECH 1+REGIONS EA 15 MIN PT',52),(510,'10881','Hospital Charge Master','HC MNT INIT INDIV EA 15 MIN',48),(511,'41095','Hospital Charge Master','HC MNT INIT INDIV EA 15 MIN',48),(512,'22122','Hospital Charge Master','HC MNT REASSESS EA 15 MIN',48),(513,'23144','Hospital Charge Master','HC MRA ANGIO HEAD NON CONTRAST',32),(514,'8929','Hospital Charge Master','HC MRA ANGIO HEAD NON CONTRAST',32),(515,'6101','Hospital Charge Master','HC MRA ANGIO HEAD WITH  CONTRAST',32),(516,'20633','Hospital Charge Master','HC MRA ANGIO HEAD WITH & WITHOUT CONTRAST',32),(517,'23281','Hospital Charge Master','HC MRI ABDOMEN NON CONTRAST',31),(518,'13979','Hospital Charge Master','HC MRI ABDOMEN WITH  CONTRAST',31),(519,'21702','Hospital Charge Master','HC MRI ABDOMEN WITH & WITHOUT  CONTRAST',31),(520,'41241','Hospital Charge Master','HC MRI ABDOMEN WITH & WITHOUT  CONTRAST',31),(521,'21692','Hospital Charge Master','HC MRI BRAIN LIMITED',30),(522,'7068','Hospital Charge Master','HC MRI BRAIN LIMITED',30),(523,'10776','Hospital Charge Master','HC MRI BRAIN NON CONTRAST',30),(524,'22047','Hospital Charge Master','HC MRI BRAIN NON CONTRAST',30),(525,'8930','Hospital Charge Master','HC MRI BRAIN WITH  CONTRAST',30),(526,'13481','Hospital Charge Master','HC MRI BRAIN WITH & WITHOUT CONTRAST',30),(527,'24505','Hospital Charge Master','HC MRI BRAIN WITH & WITHOUT CONTRAST',30),(528,'7372','Hospital Charge Master','HC MRI C SPINE LIMITED POST CONTRAST',34),(529,'4592','Hospital Charge Master','HC MRI LOWER EXT ANY JNT W AND WO CONTRAST',31),(530,'13978','Hospital Charge Master','HC MRI LOWER EXT ANY JOINT NON CONTRAST',31),(531,'58977','Hospital Charge Master','HC MRI LOWER EXT ANY JOINT NON CONTRAST',31),(532,'13484','Hospital Charge Master','HC MRI LOWER EXT ANY JOINT WITH CONTRAST',31),(533,'22052','Hospital Charge Master','HC MRI LOWER EXT NON JOINT NON CONTRAST',31),(534,'41240','Hospital Charge Master','HC MRI LOWER EXT NON JOINT WITH & WITHOUT CONTRAST',31),(535,'8932','Hospital Charge Master','HC MRI LOWER EXT NON JOINT WITH & WITHOUT CONTRAST',31),(536,'488','Hospital Charge Master','HC MRI ORBIT FACE NECK NON CONTRAST',31),(537,'489','Hospital Charge Master','HC MRI ORBIT FACE NECK WITH  CONTRAST',31),(538,'20481','Hospital Charge Master','HC MRI ORBIT FACE NECK WITH & WITHOUT CONTRAST',31),(539,'490','Hospital Charge Master','HC MRI ORBIT FACE NECK WITH & WITHOUT CONTRAST',31),(540,'7383','Hospital Charge Master','HC MRI PELVIS NON CONTRAST',31),(541,'5126','Hospital Charge Master','HC MRI PELVIS NON CONTRAST LIMITED',31),(542,'13483','Hospital Charge Master','HC MRI PELVIS WITH  CONTRAST',31),(543,'22050','Hospital Charge Master','HC MRI PELVIS WITH & WITHOUT CONTRAST',31),(544,'58975','Hospital Charge Master','HC MRI PELVIS WITH & WITHOUT CONTRAST',31),(545,'21701','Hospital Charge Master','HC MRI SPINE CERVICAL NON CONTRAST',34),(546,'58974','Hospital Charge Master','HC MRI SPINE CERVICAL NON CONTRAST',34),(547,'7382','Hospital Charge Master','HC MRI SPINE CERVICAL WITH  CONTRAST',34),(548,'20635','Hospital Charge Master','HC MRI SPINE CERVICAL WITH & WITHOUT CONTRAST',34),(549,'64323','Hospital Charge Master','HC MRI SPINE CERVICAL WITH & WITHOUT CONTRAST',34),(550,'24507','Hospital Charge Master','HC MRI SPINE LUMBAR NON CONTRAST',34),(551,'4590','Hospital Charge Master','HC MRI SPINE LUMBAR NON CONTRAST',34),(552,'6103','Hospital Charge Master','HC MRI SPINE LUMBAR WITH  CONTRAST',34),(553,'20483','Hospital Charge Master','HC MRI SPINE LUMBAR WITH & WITHOUT CONTRAST',34),(554,'6104','Hospital Charge Master','HC MRI SPINE LUMBAR WITH & WITHOUT CONTRAST',34),(555,'5134','Hospital Charge Master','HC MRI SPINE THORACIC NON CONTRAST',34),(556,'491','Hospital Charge Master','HC MRI SPINE THORACIC WITH  CONTRAST',34),(557,'10778','Hospital Charge Master','HC MRI SPINE THORACIC WITH & WITHOUT CONTRAST',34),(558,'13482','Hospital Charge Master','HC MRI SPINE THORACIC WITH & WITHOUT CONTRAST',34),(559,'13977','Hospital Charge Master','HC MRI UPPER EXT ANY JOINT NON CONTRAST',31),(560,'44215','Hospital Charge Master','HC MRI UPPER EXT ANY JOINT NON CONTRAST',31),(561,'20484','Hospital Charge Master','HC MRI UPPER EXT ANY JOINT WITH & WITHOUT CONTRAST',31),(562,'8931','Hospital Charge Master','HC MRI UPPER EXT ANY JOINT WITH & WITHOUT CONTRAST',31),(563,'492','Hospital Charge Master','HC MRI UPPER EXT ANY JOINT WITH CONTRAST',31),(564,'58976','Hospital Charge Master','HC MRI UPPER EXT ANY JOINT WITH CONTRAST',31),(565,'13520','Hospital Charge Master','HC NEG PRESSURE WND TX <=50 SQ CM W DME EQ',70),(566,'18530','Hospital Charge Master','HC NEUROMUSC REEDUCAT 1+ AREAS EA 15 MIN OT',38),(567,'21777','Hospital Charge Master','HC NEUROMUSC REEDUCAT 1+ AREAS EA 15 MIN OT',38),(568,'25918','Hospital Charge Master','HC NEUROMUSC REEDUCAT 1+ AREAS EA 15 MIN PT',52),(569,'7581','Hospital Charge Master','HC NEUROMUSC REEDUCAT 1+ AREAS EA 15 MIN PT',52),(570,'44221','Hospital Charge Master','HC NM BONE SCAN 3 PHASE',35),(571,'6110','Hospital Charge Master','HC NM BONE SCAN 3 PHASE',35),(572,'13486','Hospital Charge Master','HC NM BONE SCAN WHOLE BODY',35),(573,'44220','Hospital Charge Master','HC NM BONE SCAN WHOLE BODY',35),(574,'5135','Hospital Charge Master','HC NM GASTRIC EMPTYING',35),(575,'57957','Hospital Charge Master','HC NM GASTRIC EMPTYING',35),(576,'8933','Hospital Charge Master','HC NM MYOCARD PERFUSION SPECT',35),(577,'58979','Hospital Charge Master','HC NM MYOCARD PERFUSION SPECT STRESS AND REST',35),(578,'7385','Hospital Charge Master','HC NM MYOCARD PERFUSION SPECT STRESS AND REST',35),(579,'10795','Hospital Charge Master','HC NM PET/CT SKULL TO MID THIGH',44),(580,'23337','Hospital Charge Master','HC NONINVAS OXYGEN SATURATION CONT',56),(581,'2418','Hospital Charge Master','HC NONINVAS OXYGEN SATURATION CONT',65),(582,'7578','Hospital Charge Master','HC OB OUTPATIENT/OBSERV (0 - < 4HRS)',8),(583,'22126','Hospital Charge Master','HC OB OUTPATIENT/OBSERV (12 - < 16HRS)',8),(584,'21773','Hospital Charge Master','HC OB OUTPATIENT/OBSERV (16 - < 20HRS)',8),(585,'4648','Hospital Charge Master','HC OB OUTPATIENT/OBSERV (20 - 24HRS)',8),(586,'41107','Hospital Charge Master','HC OB OUTPATIENT/OBSERV (4 - < 8HRS)',8),(587,'21772','Hospital Charge Master','HC OB OUTPATIENT/OBSERV (8 - < 12HRS)',8),(588,'68100','Hospital Charge Master','HC OBSERVATION CARVEOUT CARDIOLOGY',69),(589,'10859','Hospital Charge Master','HC OBSERVATION CARVEOUT SURGERY',69),(590,'58008','Hospital Charge Master','HC OBSERVATION CARVEOUT THERAPY',69),(591,'20543','Hospital Charge Master','HC OBSERVATION CARVEOUT TRANSFUSION',69),(592,'22103','Hospital Charge Master','HC OFFICE OUTPT VISIT EST LEVEL 3',7),(593,'7126','Hospital Charge Master','HC OT EVAL LOW COMPLEXITY 1 RVU',37),(594,'7537','Hospital Charge Master','HC OT EVAL LOW COMPLEXITY 1 RVU',37),(595,'11942','Hospital Charge Master','HC OT EVAL LOW COMPLEXITY 2 RVU',37),(596,'21741','Hospital Charge Master','HC OT EVAL LOW COMPLEXITY 2 RVU',37),(597,'2394','Hospital Charge Master','HC OT EVAL LOW COMPLEXITY 3 RVU',37),(598,'59021','Hospital Charge Master','HC OT EVAL LOW COMPLEXITY 3 RVU',37),(599,'11943','Hospital Charge Master','HC OT EVAL LOW COMPLEXITY 4 RVU',37),(600,'2395','Hospital Charge Master','HC OT EVAL LOW COMPLEXITY 4 RVU',37),(601,'20537','Hospital Charge Master','HC OT EVAL LOW COMPLEXITY 5 RVU',37),(602,'22235','Hospital Charge Master','HC OT EVAL LOW COMPLEXITY 5 RVU',37),(603,'14025','Hospital Charge Master','HC OT EVAL LOW COMPLEXITY 6 RVU',37),(604,'18468','Hospital Charge Master','HC OT EVAL LOW COMPLEXITY 6 RVU',37),(605,'58006','Hospital Charge Master','HC OT EVAL MOD COMPLEXITY 1 RVU',37),(606,'7538','Hospital Charge Master','HC OT EVAL MOD COMPLEXITY 1 RVU',37),(607,'5183','Hospital Charge Master','HC OT EVAL MOD COMPLEXITY 2 RVU',37),(608,'59022','Hospital Charge Master','HC OT EVAL MOD COMPLEXITY 2 RVU',37),(609,'14876','Hospital Charge Master','HC OT EVAL MOD COMPLEXITY 3 RVU',37),(610,'2645','Hospital Charge Master','HC OT EVAL MOD COMPLEXITY 3 RVU',37),(611,'18469','Hospital Charge Master','HC OT EVAL MOD COMPLEXITY 4 RVU',37),(612,'23317','Hospital Charge Master','HC OT EVAL MOD COMPLEXITY 4 RVU',37),(613,'2396','Hospital Charge Master','HC OT EVAL MOD COMPLEXITY 5 RVU',37),(614,'68098','Hospital Charge Master','HC OT EVAL MOD COMPLEXITY 5 RVU',37),(615,'2397','Hospital Charge Master','HC OT EVAL MOD COMPLEXITY 6 RVU',37),(616,'44275','Hospital Charge Master','HC OT EVAL MOD COMPLEXITY 6 RVU',37),(617,'66552','Hospital Charge Master','HC PACER ANALYSIS PHONE',5),(618,'23287','Hospital Charge Master','HC PELVIS 1 OR 2 VW',60),(619,'64338','Hospital Charge Master','HC PELVIS 1 OR 2 VW',60),(620,'20607','Hospital Charge Master','HC PLETHYSMOGRAPHY FOR LUNG VOLUMES',56),(621,'2460','Hospital Charge Master','HC PLETHYSMOGRAPHY FOR LUNG VOLUMES',56),(622,'11430','Hospital Charge Master','HC POLYSOM W/CPAP >=6YRS <6HRS',40),(623,'59047','Hospital Charge Master','HC POLYSOMN 4 OR MORE >=6YRS',15),(624,'59008','Hospital Charge Master','HC POLYSOMN 4 OR MORE LESS THAN 6 HRS',40),(625,'7306','Hospital Charge Master','HC POLYSOMN W/CPAP >=6YRS',15),(626,'13522','Hospital Charge Master','HC PSYCHOTHERAPY W PT 30 MIN',55),(627,'2427','Hospital Charge Master','HC PSYCHOTHERAPY W PT 30 MIN',55),(628,'59061','Hospital Charge Master','HC PSYCHOTHERAPY W PT 30 MIN GL',55),(629,'25939','Hospital Charge Master','HC PSYCHOTHERAPY W PT 45 MIN',55),(630,'7600','Hospital Charge Master','HC PSYCHOTHERAPY W PT 45 MIN',55),(631,'44299','Hospital Charge Master','HC PSYCHOTHERAPY W PT 45 MIN GL',55),(632,'20611','Hospital Charge Master','HC PSYCHOTHERAPY W PT 60 MIN',55),(633,'5246','Hospital Charge Master','HC PSYCHOTHERAPY W PT 60 MIN',55),(634,'68115','Hospital Charge Master','HC PSYCHOTHERAPY W PT 60 MIN GL',55),(635,'10856','Hospital Charge Master','HC PT EVAL HIGH COMPLEXITY 1 RVU',51),(636,'7536','Hospital Charge Master','HC PT EVAL HIGH COMPLEXITY 1 RVU',51),(637,'58005','Hospital Charge Master','HC PT EVAL HIGH COMPLEXITY 2 RVU',51),(638,'7425','Hospital Charge Master','HC PT EVAL HIGH COMPLEXITY 2 RVU',51),(639,'14024','Hospital Charge Master','HC PT EVAL HIGH COMPLEXITY 3 RVU',51),(640,'44274','Hospital Charge Master','HC PT EVAL HIGH COMPLEXITY 3 RVU',51),(641,'22233','Hospital Charge Master','HC PT EVAL HIGH COMPLEXITY 4 RVU',51),(642,'58004','Hospital Charge Master','HC PT EVAL HIGH COMPLEXITY 4 RVU',51),(643,'22234','Hospital Charge Master','HC PT EVAL HIGH COMPLEXITY 5 RVU',51),(644,'59020','Hospital Charge Master','HC PT EVAL HIGH COMPLEXITY 5 RVU',51),(645,'5182','Hospital Charge Master','HC PT EVAL HIGH COMPLEXITY 6 RVU',51),(646,'7125','Hospital Charge Master','HC PT EVAL HIGH COMPLEXITY 6 RVU',51),(647,'18467','Hospital Charge Master','HC PT EVAL LOW COMPLEXITY 1 RVU',51),(648,'8970','Hospital Charge Master','HC PT EVAL LOW COMPLEXITY 1 RVU',51),(649,'10563','Hospital Charge Master','HC PT EVAL LOW COMPLEXITY 2 RVU',51),(650,'5181','Hospital Charge Master','HC PT EVAL LOW COMPLEXITY 2 RVU',51),(651,'10576','Hospital Charge Master','HC PT EVAL LOW COMPLEXITY 3 RVU',51),(652,'14023','Hospital Charge Master','HC PT EVAL LOW COMPLEXITY 3 RVU',51),(653,'11940','Hospital Charge Master','HC PT EVAL LOW COMPLEXITY 4 RVU',51),(654,'2389','Hospital Charge Master','HC PT EVAL LOW COMPLEXITY 4 RVU',51),(655,'14874','Hospital Charge Master','HC PT EVAL LOW COMPLEXITY 5 RVU',51),(656,'24560','Hospital Charge Master','HC PT EVAL LOW COMPLEXITY 5 RVU',51),(657,'2390','Hospital Charge Master','HC PT EVAL LOW COMPLEXITY 6 RVU',51),(658,'24561','Hospital Charge Master','HC PT EVAL LOW COMPLEXITY 6 RVU',51),(659,'2646','Hospital Charge Master','HC PT EVAL MOD COMPLEXITY 1 RVU',51),(660,'8971','Hospital Charge Master','HC PT EVAL MOD COMPLEXITY 1 RVU',51),(661,'2391','Hospital Charge Master','HC PT EVAL MOD COMPLEXITY 2 RVU',51),(662,'44273','Hospital Charge Master','HC PT EVAL MOD COMPLEXITY 2 RVU',51),(663,'2644','Hospital Charge Master','HC PT EVAL MOD COMPLEXITY 3 RVU',51),(664,'7534','Hospital Charge Master','HC PT EVAL MOD COMPLEXITY 3 RVU',51),(665,'2392','Hospital Charge Master','HC PT EVAL MOD COMPLEXITY 4 RVU',51),(666,'59019','Hospital Charge Master','HC PT EVAL MOD COMPLEXITY 4 RVU',51),(667,'11941','Hospital Charge Master','HC PT EVAL MOD COMPLEXITY 5 RVU',51),(668,'14875','Hospital Charge Master','HC PT EVAL MOD COMPLEXITY 5 RVU',51),(669,'2393','Hospital Charge Master','HC PT EVAL MOD COMPLEXITY 6 RVU',51),(670,'68097','Hospital Charge Master','HC PT EVAL MOD COMPLEXITY 6 RVU',51),(671,'2649','Hospital Charge Master','HC PT REEVAL EST PLAN 1 RVU',51),(672,'24563','Hospital Charge Master','HC PT REEVAL EST PLAN 2 RVU',51),(673,'20538','Hospital Charge Master','HC PT REEVAL EST PLAN 3 RVU',51),(674,'68099','Hospital Charge Master','HC PT REEVAL EST PLAN 4 RVU',51),(675,'2685','Hospital Charge Master','HC PULM REHAB W/ EXER ONE HR FOR COPD',50),(676,'7574','Hospital Charge Master','HC PULM REHAB W/ EXER ONE HR FOR COPD',50),(677,'21764','Hospital Charge Master','HC PULMONARY STRENGTH TRAINING GROUP',65),(678,'58044','Hospital Charge Master','HC RB OBSERVATION PER HR',69),(679,'21766','Hospital Charge Master','HC REFILL MAINT PORTABLE PUMP',21),(680,'44327','Hospital Charge Master','HC REFILL MAINT PORTABLE PUMP',21),(681,'5140','Hospital Charge Master','HC RIBS BILATERAL 3 VW',60),(682,'20486','Hospital Charge Master','HC RIBS UNILATERAL W PA CHEST',60),(683,'497','Hospital Charge Master','HC RIBS UNILATERAL W PA CHEST',60),(684,'23289','Hospital Charge Master','HC SACROILIAC JOINTS 3+ VW',60),(685,'8941','Hospital Charge Master','HC SACRUM AND COCCYX',60),(686,'22059','Hospital Charge Master','HC SCAPULA',60),(687,'13496','Hospital Charge Master','HC SHOULDER 2+ VW',60),(688,'20494','Hospital Charge Master','HC SHOULDER 2+ VW',60),(689,'41246','Hospital Charge Master','HC SPINE 1 VIEW',60),(690,'500','Hospital Charge Master','HC SPINE 1 VIEW',60),(691,'10885','Hospital Charge Master','HC SPIROMETRY',56),(692,'7448','Hospital Charge Master','HC SPIROMETRY',56),(693,'22058','Hospital Charge Master','HC SWALLOW FUNCT W VIDEO  W CONTRAST',60),(694,'10548','Hospital Charge Master','HC TEE COMPLETE WO CONTRAST',14),(695,'4656','Hospital Charge Master','HC THER ACTIVITIES EA 15 MIN OT',38),(696,'59083','Hospital Charge Master','HC THER ACTIVITIES EA 15 MIN OT',38),(697,'2440','Hospital Charge Master','HC THER ACTIVITIES EA 15 MIN PT',52),(698,'59084','Hospital Charge Master','HC THER ACTIVITIES EA 15 MIN PT',52),(699,'59771','Hospital Charge Master','HC THER EXERCISE EA 15 MIN',2),(700,'8704','Hospital Charge Master','HC THER EXERCISE EA 15 MIN',2),(701,'59770','Hospital Charge Master','HC THER EXERCISE EA 15 MIN OT',38),(702,'8703','Hospital Charge Master','HC THER EXERCISE EA 15 MIN OT',38),(703,'59044','Hospital Charge Master','HC THER EXERCISE EA 15 MIN PT',52),(704,'7562','Hospital Charge Master','HC THER EXERCISE EA 15 MIN PT',52),(705,'6118','Hospital Charge Master','HC THORACIC SPINE 2 VW',60),(706,'8939','Hospital Charge Master','HC THORACIC SPINE 3 VW',60),(707,'41255','Hospital Charge Master','HC TIB FIB SINGLE VIEW',60),(708,'20477','Hospital Charge Master','HC TIBIA AND FIBULA 2 VW',60),(709,'4583','Hospital Charge Master','HC TIBIA AND FIBULA 2 VW',60),(710,'20628','Hospital Charge Master','HC TOES 2+ VW',60),(711,'20526','Hospital Charge Master','HC TOMOSYNTHESIS DIGITAL BREAST DX BILAT',42),(712,'23189','Hospital Charge Master','HC TOMOSYNTHESIS DIGITAL BREAST DX UNILAT',42),(713,'7583','Hospital Charge Master','HC TRAIN SELF CARE EA 15 MIN OT',38),(714,'8705','Hospital Charge Master','HC TRAIN SELF CARE EA 15 MIN OT',38),(715,'20602','Hospital Charge Master','HC TRAIN SELF CARE EA 15 MIN PT',52),(716,'41120','Hospital Charge Master','HC TRAIN SELF CARE EA 15 MIN PT',52),(717,'4644','Hospital Charge Master','HC TTE 2D W CON W DOPPLER COLOR CMPLT',14),(718,'58036','Hospital Charge Master','HC TTE 2D W CON W DOPPLER COLOR CMPLT',14),(719,'12906','Hospital Charge Master','HC TTE 2D W STRESS TEST WO CONTRAST',14),(720,'22152','Hospital Charge Master','HC TTE 2D W STRESS TEST WO CONTRAST',14),(721,'68158','Hospital Charge Master','HC TTE 2D W/ CONTRAST LIMITED',14),(722,'4643','Hospital Charge Master','HC TTE 2D WO CON W DOPPLER AND COLOR CMPL',14),(723,'68139','Hospital Charge Master','HC TTE 2D WO CON W DOPPLER AND COLOR CMPL',14),(724,'7116','Hospital Charge Master','HC TTE FOLLOW UP OR LIMITED WO CONTRAST',14),(725,'18547','Hospital Charge Master','HC TX SPEECH DISORDER INDIVID 15 MIN ST',68),(726,'25936','Hospital Charge Master','HC TX SPEECH DISORDER INDIVID 30 MIN ST',68),(727,'59098','Hospital Charge Master','HC TX SPEECH DISORDER INDIVID 45 MIN ST',68),(728,'12890','Hospital Charge Master','HC TX SPEECH DISORDER INDIVID 60 MIN ST',68),(729,'10882','Hospital Charge Master','HC ULTRASOUND THERAPY EA 15 MIN',2),(730,'13538','Hospital Charge Master','HC ULTRASOUND THERAPY EA 15 MIN OT',38),(731,'22267','Hospital Charge Master','HC ULTRASOUND THERAPY EA 15 MIN OT',38),(732,'4655','Hospital Charge Master','HC ULTRASOUND THERAPY EA 15 MIN PT',52),(733,'68162','Hospital Charge Master','HC ULTRASOUND THERAPY EA 15 MIN PT',52),(734,'5218','Hospital Charge Master','HC US AAA SCREENING',46),(735,'68150','Hospital Charge Master','HC US AAA SCREENING',46),(736,'44223','Hospital Charge Master','HC US ABDOMEN COMPLETE',46),(737,'7387','Hospital Charge Master','HC US ABDOMEN COMPLETE',46),(738,'23157','Hospital Charge Master','HC US ABDOMEN LIMITED',46),(739,'6112','Hospital Charge Master','HC US ABDOMEN LIMITED',46),(740,'5176','Hospital Charge Master','HC US BREAST UNILATERAL LIMITED',46),(741,'7120','Hospital Charge Master','HC US BREAST UNILATERAL LIMITED',46),(742,'64330','Hospital Charge Master','HC US HEAD NECK TISSUES B - SCAN REAL TIME',46),(743,'7386','Hospital Charge Master','HC US HEAD NECK TISSUES B - SCAN REAL TIME',46),(744,'25911','Hospital Charge Master','HC US JOINT OR NONVASC EXT LIMITED',46),(745,'9006','Hospital Charge Master','HC US JOINT OR NONVASC EXT LIMITED',46),(746,'6113','Hospital Charge Master','HC US OB < 14 WKS SINGLE GEST',46),(747,'20487','Hospital Charge Master','HC US OB 14+ WKS SINGLE GEST',46),(748,'20639','Hospital Charge Master','HC US OB 14+ WKS SINGLE GEST',46),(749,'2593','Hospital Charge Master','HC US PELVIS COMPLETE',46),(750,'499','Hospital Charge Master','HC US PELVIS COMPLETE',46),(751,'6115','Hospital Charge Master','HC US PELVIS LIMITED',46),(752,'58981','Hospital Charge Master','HC US PREGNANT UTERUS LIMITED 1+ FETUSES',46),(753,'4596','Hospital Charge Master','HC US RETROPERITONEAL COMPLETE',46),(754,'64331','Hospital Charge Master','HC US RETROPERITONEAL COMPLETE',46),(755,'23158','Hospital Charge Master','HC US RETROPERITONEAL LIMITED',46),(756,'7388','Hospital Charge Master','HC US RETROPERITONEAL LIMITED',46),(757,'23174','Hospital Charge Master','HC US SCROTUM AND CONTENTS',46),(758,'7512','Hospital Charge Master','HC US SCROTUM AND CONTENTS',46),(759,'13987','Hospital Charge Master','HC US TRANSVAGINAL NON OB',46),(760,'57958','Hospital Charge Master','HC US TRANSVAGINAL NON OB',46),(761,'2679','Hospital Charge Master','HC VASOPNEUMATIC COMPRESSION',52),(762,'44319','Hospital Charge Master','HC VASOPNEUMATIC COMPRESSION OT',38),(763,'59063','Hospital Charge Master','HC WHIRLPOOL',2),(764,'25917','Hospital Charge Master','HC WHIRLPOOL OT',38),(765,'12868','Hospital Charge Master','HC WHIRLPOOL PT',52),(766,'481','Hospital Charge Master','HC WRIST 2 VW',60),(767,'22213','Hospital Charge Master','HC WRIST 2 VW REDUCED SERVICE',60),(768,'24495','Hospital Charge Master','HC WRIST 3+ VW',60),(769,'4582','Hospital Charge Master','HC WRIST 3+ VW',60),(770,'13993','Hospital Charge Master','HC XR HAND 1 VW',60),(771,'10511','Hospital Charge Master','HC XR KNEE 4+ VW',60),(772,'8924','Hospital Charge Master','HC XR KNEE 4+ VW',60),(773,'7499','Hospital Charge Master','HC XR LUMBAR SPINE BENDING ONLY 2-3 VW',60),(774,'7394','Hospital Charge Master','HC XRAY ABD ACUTE SERIES W PA CHEST',60),(775,'14028','Hospital Charge Master','HC XRAY ABDOMEN 1 VIEW',60),(776,'24564','Hospital Charge Master','HC XRAY ABDOMEN 1 VIEW',60),(777,'22239','Hospital Charge Master','HC XRAY ABDOMEN 2 VIEWS',60),(778,'7127','Hospital Charge Master','HC XRAY ABDOMEN 2 VIEWS',60),(779,'22238','Hospital Charge Master','HC XRAY CHEST 1 VIEW',59),(780,'2651','Hospital Charge Master','HC XRAY CHEST 1 VIEW',59),(781,'11945','Hospital Charge Master','HC XRAY CHEST 2 VIEWS',59),(782,'7428','Hospital Charge Master','HC XRAY CHEST 2 VIEWS',59),(783,'58964','Hospital Charge Master','HC XRAY COLON  SINGLE CONTRAST',60),(784,'5143','Hospital Charge Master','HC XRAY ESOPHAGUS SNGL CONTRAST',60),(785,'14019','Hospital Charge Master','HC XRAY FEMUR MINIMUM 2 VIEWS',60),(786,'23193','Hospital Charge Master','HC XRAY FEMUR MINIMUM 2 VIEWS',60),(787,'59012','Hospital Charge Master','HC XRAY HIP UNILAT 1 VIEW',60),(788,'18460','Hospital Charge Master','HC XRAY HIP UNILAT 2-3 VIEWS',60),(789,'5179','Hospital Charge Master','HC XRAY HIP UNILAT 2-3 VIEWS',60),(790,'23315','Hospital Charge Master','HC XRAY HIPS BILAT W PELVIS 2 VIEWS',60),(791,'18461','Hospital Charge Master','HC XRAY HIPS BILAT W PELVIS 3-4 VIEWS',60),(792,'4619','Hospital Charge Master','HC XRAY HIPS BILAT W PELVIS 3-4 VIEWS',60),(793,'23314','Hospital Charge Master','HC XRAY SPINE ENTIRE 1 VIEW',60),(794,'57964','Hospital Charge Master','HC XRAY UPPER GI DOUBLE CONTRAST',60),(795,'7501','Hospital Charge Master','HC XRAY UPPER GI DOUBLE CONTRAST',60),(796,'8949','Hospital Charge Master','HC XRAY UPPER GI SINGLE CONTRAST',60),(797,'7315','Hospital Charge Master','HCHG GERO GROUP THERAPY SESSION',54),(798,'22251','Hospital Charge Master','HCHG OFFICE OUTPT VISIT EST LEVEL 3',71),(799,'2415','Hospital Charge Master','HCHG OFFICE OUTPT VISIT EST LEVEL 3',7),(800,'80076-0300','Hospital Charge Master','HEPATIC FUNCTION PANEL',24),(801,'80076-0301','Hospital Charge Master','HEPATIC FUNCTION PANEL',23),(802,'78227','Hospital Charge Master','HEPATOBIL SYST IMAG INC GB W/PHARMA INTERVENJ',35),(803,'G0463-0510','Hospital Charge Master','HOSPITAL OUTPATIENT CLINIC VISIT FOR ASSESSMENT AND MANAGEMENT O',7),(804,'G0463','HCPCS','Hospital outpt clinic visit',1),(805,'78452','Hospital Charge Master','HT MUSCLE IMAGE SPECT, MULT',35),(806,'87635','Hospital Charge Master','IADNA SARS-COV-2 COVID-19 AMPLIFIED PROBE TQ',22),(807,'90471-0510','Hospital Charge Master','IMMUNIZATION ADMIN',7),(808,'90471-0636','Hospital Charge Master','IMMUNIZATION ADMIN',13),(809,'90471-0771','Hospital Charge Master','IMMUNIZATION ADMIN',72),(810,'90471-0940','Hospital Charge Master','IMMUNIZATION ADMIN',49),(811,'20524','Hospital Charge Master','IMRT BREAST',64),(812,'2629','Hospital Charge Master','IMRT COMPLEX',64),(813,'57994','Hospital Charge Master','IMRT PROSTATE',64),(814,'12108','Hospital Charge Master','IMRT TREATMENT PLANNING',64),(815,'G0365-0320','Hospital Charge Master','INITIAL VEIN MAPPING BEFORE HEMODIALYSIS ACCESS',60),(816,'G0365-0921','Hospital Charge Master','INITIAL VEIN MAPPING BEFORE HEMODIALYSIS ACCESS',41),(817,'G0260','HCPCS','Inj for sacroiliac jt anesth',1),(818,'27096-0359','Hospital Charge Master','INJECT SI JOINT ARTHRGRPHY&/ANES/STEROID W/IMAGE',12),(819,'27096-0761','Hospital Charge Master','INJECT SI JOINT ARTHRGRPHY&/ANES/STEROID W/IMAGE',70),(820,'0191T','HCPCS','Insert ant segment drain int',1),(821,'36561','HCPCS','Insert tunneled cv cath',1),(822,'33285','HCPCS','Insj subq car rhythm mntr',1),(823,'3470011-0260','Hospital Charge Master','IV INF TX/PROPHYL/DX INIT TO 1HR',21),(824,'3470011-0761','Hospital Charge Master','IV INF TX/PROPHYL/DX INIT TO 1HR',70),(825,'29875','HCPCS','Knee arthroscopy/surgery',1),(826,'29877','HCPCS','Knee arthroscopy/surgery',1),(827,'29880','HCPCS','Knee arthroscopy/surgery',1),(828,'29881','HCPCS','Knee arthroscopy/surgery',1),(829,'29882','HCPCS','Knee arthroscopy/surgery',1),(830,'29888','HCPCS','Knee arthroscopy/surgery',1),(831,'15828','Hospital Charge Master','LAB03001^ANTIBODY SCREEN 3 CELL',26),(832,'41162','Hospital Charge Master','LAB03001^ANTIBODY SCREEN 3 CELL',26),(833,'18354','Hospital Charge Master','LAB03011^RH TYPING',26),(834,'6991','Hospital Charge Master','LAB03011^RH TYPING',26),(835,'22325','Hospital Charge Master','LAB03144^ABORH',26),(836,'4711','Hospital Charge Master','LAB03144^ABORH',26),(837,'6040','Hospital Charge Master','LAB03144^ABORH',26),(838,'6224','Hospital Charge Master','LAB03144^ABORH',26),(839,'49655','HCPCS','Lap inc hern repair comp',1),(840,'49650','HCPCS','Lap ing hernia repair init',1),(841,'49651','HCPCS','Lap ing hernia repair recur',1),(842,'49653','HCPCS','Lap vent/abd hern proc comp',1),(843,'47563','HCPCS','Laparo cholecystectomy/graph',1),(844,'55866','HCPCS','Laparo radical prostatectomy',1),(845,'58552','HCPCS','Laparo-vag hyst incl t/o',1),(846,'47562','HCPCS','Laparoscopic cholecystectomy',1),(847,'44970','HCPCS','Laparoscopy appendectomy',1),(848,'397','Hospital Charge Master','LCHG ACETAMINOPHEN LEVEL IV',23),(849,'19891','Hospital Charge Master','LCHG ALCOHOL ETHYL BLOOD V',23),(850,'4548','Hospital Charge Master','LCHG ALCOHOL ETHYL URINE QUANT II',23),(851,'6081','Hospital Charge Master','LCHG ALCOHOL URINE SCREEN I',23),(852,'11852','Hospital Charge Master','LCHG ANTIBODY SCREEN',26),(853,'21831','Hospital Charge Master','LCHG ANTIBODY SCREEN',26),(854,'23222','Hospital Charge Master','LCHG ANTIBODY SCREEN I',26),(855,'421','Hospital Charge Master','LCHG ANTIBODY SCREEN I',26),(856,'11853','Hospital Charge Master','LCHG ANTIBODY SCREEN II',26),(857,'21832','Hospital Charge Master','LCHG ANTIBODY SCREEN II',26),(858,'15823','Hospital Charge Master','LCHG ANTIBODY SCREEN REF',24),(859,'22319','Hospital Charge Master','LCHG ANTIBODY SCREEN REF',24),(860,'13893','Hospital Charge Master','LCHG ANTIBODY SCREEN REF I',24),(861,'2502','Hospital Charge Master','LCHG ANTIBODY SCREEN REF I',24),(862,'11884','Hospital Charge Master','LCHG BARBITURATE URINE QUALITATIVE II',23),(863,'4697','Hospital Charge Master','LCHG BASIC METABOLIC PANEL (CA TOTAL)',23),(864,'5942','Hospital Charge Master','LCHG BASIC METABOLIC PANEL (CA TOTAL)',23),(865,'22312','Hospital Charge Master','LCHG BASIC METABOLIC PANEL (CA TOTAL) (AKA L80048)',23),(866,'41201','Hospital Charge Master','LCHG BIOPSY MUSCLE H+E PC (AKA L88305)',28),(867,'2570','Hospital Charge Master','LCHG BIOPSY RENAL SURG PATH LEVEL IV',28),(868,'4579','Hospital Charge Master','LCHG BIOPSY RENAL SURG PATH LEVEL IV',28),(869,'58958','Hospital Charge Master','LCHG BIOPSY RENAL SURG PATH LEVEL IV',28),(870,'5251','Hospital Charge Master','LCHG BLOOD COLLECTION/CENTRAL LINE CATH',24),(871,'8889','Hospital Charge Master','LCHG BLOOD COLLECTION/PORT',24),(872,'6217','Hospital Charge Master','LCHG BLOOD DRAW',24),(873,'64233','Hospital Charge Master','LCHG BLOOD DRAW',24),(874,'19920','Hospital Charge Master','LCHG BLOOD TYPE ABO',26),(875,'22185','Hospital Charge Master','LCHG BLOOD TYPE ABO',26),(876,'18353','Hospital Charge Master','LCHG BLOOD TYPE ABO I',26),(877,'7630','Hospital Charge Master','LCHG BLOOD TYPE ABO I',26),(878,'4712','Hospital Charge Master','LCHG BLOOD TYPE RH I',26),(879,'48367','Hospital Charge Master','LCHG BLOOD TYPE RH I',26),(880,'6041','Hospital Charge Master','LCHG BLOOD TYPE RH III',26),(881,'64243','Hospital Charge Master','LCHG BLOOD TYPE RH III',26),(882,'22178','Hospital Charge Master','LCHG BLOOD TYPE RH ONLY',24),(883,'418','Hospital Charge Master','LCHG BLOOD TYPE RH ONLY',24),(884,'14970','Hospital Charge Master','LCHG BLOOD TYPE RH ONLY REF',24),(885,'18352','Hospital Charge Master','LCHG BLOOD TYPE RH ONLY REF',24),(886,'23258','Hospital Charge Master','LCHG BUPRENORPHINE URINE QUALITATIVE',23),(887,'18346','Hospital Charge Master','LCHG CBC W AUTO DIFFERENTIAL',25),(888,'64234','Hospital Charge Master','LCHG CBC W AUTO DIFFERENTIAL',25),(889,'21820','Hospital Charge Master','LCHG CBC W/O AUTO DIFFERENTIAL',25),(890,'21958','Hospital Charge Master','LCHG CBC W/O AUTO DIFFERENTIAL',25),(891,'22339','Hospital Charge Master','LCHG CELL BLOCK',28),(892,'48383','Hospital Charge Master','LCHG CELL BLOCK',28),(893,'10761','Hospital Charge Master','LCHG CLW REFERENCE LAB SELECTED CELL SCREEN',26),(894,'8921','Hospital Charge Master','LCHG CLW REFERENCE LAB SELECTED CELL SCREEN',26),(895,'11830','Hospital Charge Master','LCHG COMPATIBILITY TEST ELECTRONIC',26),(896,'4541','Hospital Charge Master','LCHG COMPREHENSIVE METABOLIC PANEL',23),(897,'7620','Hospital Charge Master','LCHG COMPREHENSIVE METABOLIC PANEL',23),(898,'21683','Hospital Charge Master','LCHG COTININE BLOOD',23),(899,'18355','Hospital Charge Master','LCHG CULTURE CATH TIP',22),(900,'13901','Hospital Charge Master','LCHG CULTURE CSF',22),(901,'423','Hospital Charge Master','LCHG CULTURE ENVIRONMENTAL',22),(902,'8863','Hospital Charge Master','LCHG CULTURE FLUID',22),(903,'15830','Hospital Charge Master','LCHG CULTURE GENITAL',22),(904,'15804','Hospital Charge Master','LCHG CULTURE HARDWARE',22),(905,'8864','Hospital Charge Master','LCHG CULTURE RESPIRATORY',22),(906,'13904','Hospital Charge Master','LCHG CULTURE ROUTINE',22),(907,'6230','Hospital Charge Master','LCHG CULTURE THROAT',22),(908,'15831','Hospital Charge Master','LCHG CULTURE TISSUE',22),(909,'48374','Hospital Charge Master','LCHG CULTURE URINE',22),(910,'6083','Hospital Charge Master','LCHG DRUG SCREEN COMPREHENSIVE 80307',23),(911,'22021','Hospital Charge Master','LCHG DRUG SCREEN MECONIUM IV',23),(912,'6074','Hospital Charge Master','LCHG DRUG SCREEN MULTI CLASS A NON-TLC IV',23),(913,'6076','Hospital Charge Master','LCHG DRUG SCREEN PRESUMP ANYCLS EA OTHR IV',23),(914,'13948','Hospital Charge Master','LCHG DRUG SCREEN SGLCLS A VI',23),(915,'6075','Hospital Charge Master','LCHG DRUG SCREEN SGLCLS A VII',23),(916,'6279','Hospital Charge Master','LCHG DRUG SCREEN UMBILICAL 80307',23),(917,'8910','Hospital Charge Master','LCHG FENTANYL URINE SCN I',23),(918,'450','Hospital Charge Master','LCHG GAMMAHYDROXYBUTYRATE URINE III',23),(919,'13939','Hospital Charge Master','LCHG HCG URINE QUALITATIVE',27),(920,'41194','Hospital Charge Master','LCHG HCG URINE QUALITATIVE',27),(921,'11841','Hospital Charge Master','LCHG HEMATOCRIT',25),(922,'412','Hospital Charge Master','LCHG HEMOGLOBIN',25),(923,'13955','Hospital Charge Master','LCHG HEMOGLOBIN POCT',25),(924,'22306','Hospital Charge Master','LCHG HEPATIC FUNCTION PANEL',23),(925,'6212','Hospital Charge Master','LCHG HEPATIC FUNCTION PANEL',23),(926,'64298','Hospital Charge Master','LCHG IHC 1ST STAIN INITIAL',28),(927,'41138','Hospital Charge Master','LCHG IHC 1ST STN REF TC',28),(928,'24486','Hospital Charge Master','LCHG IHC ADTL STN REF II',28),(929,'23198','Hospital Charge Master','LCHG IHC ADTL STN REF TC',28),(930,'2478','Hospital Charge Master','LCHG IHC ADTL STN REF TC NL',28),(931,'22295','Hospital Charge Master','LCHG IMMUNOPEROXIDASE 1ST TC',28),(932,'468','Hospital Charge Master','LCHG INFLUENZA PCR DNA PROBE I',22),(933,'13906','Hospital Charge Master','LCHG INFLUENZA PCR MULTIPLE TYPES',22),(934,'19886','Hospital Charge Master','LCHG LIPID PROFILE',23),(935,'4686','Hospital Charge Master','LCHG LIPID PROFILE',23),(936,'48409','Hospital Charge Master','LCHG METHADONE URINE SCREEN II',23),(937,'8916','Hospital Charge Master','LCHG OPIATES URINE SCREEN I',23),(938,'4556','Hospital Charge Master','LCHG ORGANISM ID URINE',22),(939,'5102','Hospital Charge Master','LCHG OXYCODONE URINE SCREEN II',23),(940,'15841','Hospital Charge Master','LCHG PROSTATE SPECIFIC ANTIGEN DIAG',23),(941,'4741','Hospital Charge Master','LCHG PROSTATE SPECIFIC ANTIGEN DIAG',23),(942,'6974','Hospital Charge Master','LCHG PROSTATE SPECIFIC ANTIGEN SCREEN',23),(943,'15856','Hospital Charge Master','LCHG PSA FREE',23),(944,'7036','Hospital Charge Master','LCHG PSA FREE',23),(945,'13885','Hospital Charge Master','LCHG PSA TOTAL REFER',23),(946,'2496','Hospital Charge Master','LCHG PSA TOTAL REFER',23),(947,'15864','Hospital Charge Master','LCHG PSA ULTRASENSITIVE',23),(948,'41209','Hospital Charge Master','LCHG PSA ULTRASENSITIVE',23),(949,'23083','Hospital Charge Master','LCHG PT I',25),(950,'48402','Hospital Charge Master','LCHG PT I',25),(951,'15850','Hospital Charge Master','LCHG PT II',25),(952,'7663','Hospital Charge Master','LCHG PT II',25),(953,'15851','Hospital Charge Master','LCHG PT III',25),(954,'9374','Hospital Charge Master','LCHG PT III',25),(955,'21822','Hospital Charge Master','LCHG PT POCT',25),(956,'6036','Hospital Charge Master','LCHG PT POCT',25),(957,'14962','Hospital Charge Master','LCHG PT-INR',25),(958,'19906','Hospital Charge Master','LCHG PT-INR',25),(959,'18348','Hospital Charge Master','LCHG PTT',25),(960,'4700','Hospital Charge Master','LCHG PTT',25),(961,'22012','Hospital Charge Master','LCHG PTT I',25),(962,'44172','Hospital Charge Master','LCHG PTT I',25),(963,'13946','Hospital Charge Master','LCHG PTT II',25),(964,'41203','Hospital Charge Master','LCHG PTT II',25),(965,'2560','Hospital Charge Master','LCHG RBC AB SCRN EACH TECH I',24),(966,'6285','Hospital Charge Master','LCHG RBC AB SCRN EACH TECH I',24),(967,'6215','Hospital Charge Master','LCHG RENAL FUNCTION PANEL',23),(968,'64229','Hospital Charge Master','LCHG RENAL FUNCTION PANEL',23),(969,'402','Hospital Charge Master','LCHG SALICYLATE LEVEL BLOOD IV',23),(970,'44203','Hospital Charge Master','LCHG SARS-COV-2  (COVID-19) III',22),(971,'478','Hospital Charge Master','LCHG SARS-COV-2  (COVID-19) III',22),(972,'20626','Hospital Charge Master','LCHG SARS-COV-2  (COVID-19) IIII',22),(973,'57941','Hospital Charge Master','LCHG SARS-COV-2  (COVID-19) IIII',22),(974,'2572','Hospital Charge Master','LCHG SARS-COV-2 (COVID-19)',22),(975,'7368','Hospital Charge Master','LCHG SARS-COV-2 (COVID-19)',22),(976,'20471','Hospital Charge Master','LCHG SARS-COV-2 (COVID-19) (AKA L87635)',22),(977,'57942','Hospital Charge Master','LCHG SARS-COV-2 (COVID-19) ANTIBODY IGG',26),(978,'23132','Hospital Charge Master','LCHG SARS-COV-2 (COVID-19) II',22),(979,'5123','Hospital Charge Master','LCHG SARS-COV-2 (COVID-19) II',22),(980,'10506','Hospital Charge Master','LCHG SARS-COV-2 PCR I',22),(981,'6097','Hospital Charge Master','LCHG SARS-COV-2 PCR I',22),(982,'23135','Hospital Charge Master','LCHG SARS-COV-2 PCR I (AKA LU0003)',22),(983,'24494','Hospital Charge Master','LCHG SARS-COV-2 PCR II',22),(984,'480','Hospital Charge Master','LCHG SARS-COV-2 PCR II',22),(985,'2574','Hospital Charge Master','LCHG SARS-COV-2 PCR IV',22),(986,'4581','Hospital Charge Master','LCHG SARS-COV-2 PCR IV',22),(987,'10505','Hospital Charge Master','LCHG SARS-COV-2 PCR QUAL (COVID19)',22),(988,'7369','Hospital Charge Master','LCHG SARS-COV-2 PCR QUAL (COVID19)',22),(989,'6047','Hospital Charge Master','LCHG SP G+M LEVEL III TC NL',28),(990,'22011','Hospital Charge Master','LCHG SP G+M LEVEL IV REFER',28),(991,'57900','Hospital Charge Master','LCHG SP G+M LEVEL IV REFER',28),(992,'21681','Hospital Charge Master','LCHG SP G+M LEVEL IV TC NL II',28),(993,'58943','Hospital Charge Master','LCHG SP G+M LEVEL IV TC NL II',28),(994,'22340','Hospital Charge Master','LCHG SP G+M LEVEL V TC NL',28),(995,'48385','Hospital Charge Master','LCHG SP G+M LEVEL V TC NL',28),(996,'22026','Hospital Charge Master','LCHG SP G+M RB I',28),(997,'41220','Hospital Charge Master','LCHG SP G+M RB I',28),(998,'11881','Hospital Charge Master','LCHG STREP A SCREEN DIRECT IMMUNO',22),(999,'14974','Hospital Charge Master','LCHG TRANSFUSION SERVICE FEE',4),(1000,'48372','Hospital Charge Master','LCHG TRANSFUSION SERVICE FEE',4),(1001,'403','Hospital Charge Master','LCHG TSH',23),(1002,'64222','Hospital Charge Master','LCHG TSH',23),(1003,'2545','Hospital Charge Master','LCHG TSH NEONATAL',23),(1004,'447','Hospital Charge Master','LCHG TSH NEONATAL',23),(1005,'11883','Hospital Charge Master','LCHG URINALYSIS DIPSTICK AUTO',27),(1006,'7031','Hospital Charge Master','LCHG URINALYSIS DIPSTICK AUTO',27),(1007,'18923','Hospital Charge Master','LCHG URINALYSIS ROUTINE AUTO W MICROSCOPIC',27),(1008,'5098','Hospital Charge Master','LCHG URINALYSIS ROUTINE AUTO W MICROSCOPIC',27),(1009,'93452','HCPCS','Left hrt cath w/ventrclgrphy',1),(1010,'80061-0300','Hospital Charge Master','LIPID PANEL',24),(1011,'80061-0301','Hospital Charge Master','LIPID PANEL',23),(1012,'63030','HCPCS','Low back disk surgery',1),(1013,'G0297','Hospital Charge Master','LOW DOSE CT LUNG SCREENING (LDCT)',9),(1014,'469','MS-DRG','Major joint replacement or reattachment of lower extremity w MCC',1),(1015,'470','MS-DRG','Major joint replacement or reattachment of lower extremity w/o MCC',1),(1016,'330','MS-DRG','Major small & large bowel procedures w CC',1),(1017,'329','MS-DRG','Major small & large bowel procedures w MCC',1),(1018,'331','MS-DRG','Major small & large bowel procedures w/o CC/MCC',1),(1019,'19307','HCPCS','Mast mod rad',1),(1020,'19303','HCPCS','Mast simple complete',1),(1021,'80048-0300','Hospital Charge Master','METABOLIC PANEL TOTAL CA',24),(1022,'80048-0301','Hospital Charge Master','METABOLIC PANEL TOTAL CA',23),(1023,'59065','Hospital Charge Master','MLC COMPLEX  BLOCKING',64),(1024,'58038','Hospital Charge Master','MOLD CARE HEAD REST',64),(1025,'92611','Hospital Charge Master','MOTION FLUOROSCOPY/SWALLOW',67),(1026,'70544-0610','Hospital Charge Master','MR ANGIOGRAPHY HEAD W/O DYE',31),(1027,'70544-0615','Hospital Charge Master','MR ANGIOGRAPHY HEAD W/O DYE',32),(1028,'70549-0610','Hospital Charge Master','MRA NECK W/O & W GAD',31),(1029,'70549-0610-TC','Hospital Charge Master','MRA NECK W/O & W GAD',31),(1030,'70549-0615','Hospital Charge Master','MRA NECK W/O & W GAD',32),(1031,'70549-0615-TC','Hospital Charge Master','MRA NECK W/O & W GAD',32),(1032,'74183-0610','Hospital Charge Master','MRI ABDOMEN W/O & W GAD',31),(1033,'74183-0610-TC','Hospital Charge Master','MRI ABDOMEN W/O & W GAD',31),(1034,'70553','Hospital Charge Master','MRI BRAIN W/O & W/DYE',30),(1035,'70551-0610','Hospital Charge Master','MRI BRAIN W/O DYE',31),(1036,'70551-0611','Hospital Charge Master','MRI BRAIN W/O DYE',30),(1037,'77048','HCPCS','Mri breast c-+ w/cad uni',1),(1038,'72156','Hospital Charge Master','MRI CERVICAL SPINE W/O & W GAD',34),(1039,'72157','Hospital Charge Master','MRI CHEST SPINE W/O & W/DYE',34),(1040,'72146','Hospital Charge Master','MRI CHEST SPINE W/O DYE',34),(1041,'73721','Hospital Charge Master','MRI JNT OF LWR EXTRE W/O DYE',31),(1042,'73723','Hospital Charge Master','MRI JOINT LWR EXTR W/O&W/DYE',31),(1043,'73722','Hospital Charge Master','MRI JOINT OF LWR EXTR W/DYE',31),(1044,'73223','Hospital Charge Master','MRI JOINT UPR EXTR W/O&W/DYE',31),(1045,'73222','Hospital Charge Master','MRI JOINT UPR EXTREM W/DYE',31),(1046,'73221','Hospital Charge Master','MRI JOINT UPR EXTREM W/O DYE',31),(1047,'73719','HCPCS','Mri lower extremity w/dye',1),(1048,'73718','Hospital Charge Master','MRI LOWER EXTREMITY W/O DYE',31),(1049,'72158','Hospital Charge Master','MRI LUMBAR SPINE W/O & W/DYE',34),(1050,'72148','Hospital Charge Master','MRI LUMBAR SPINE W/O DYE',34),(1051,'73720','Hospital Charge Master','MRI LWR EXTREMITY W/O&W/DYE',31),(1052,'72141-0610','Hospital Charge Master','MRI NECK SPINE W/O DYE',31),(1053,'72141-0612','Hospital Charge Master','MRI NECK SPINE W/O DYE',34),(1054,'70543-0610','Hospital Charge Master','MRI ORBIT/FACE/NECK W/O & W GAD',31),(1055,'70543-0611','Hospital Charge Master','MRI ORBIT/FACE/NECK W/O & W GAD',30),(1056,'72197-0610','Hospital Charge Master','MRI PELVIS W/O & W GAD',31),(1057,'72197-0610-TC','Hospital Charge Master','MRI PELVIS W/O & W GAD',31),(1058,'72195-0610','Hospital Charge Master','MRI PELVIS, W/O CONTRAST',31),(1059,'72195-0610-TC','Hospital Charge Master','MRI PELVIS, W/O CONTRAST',31),(1060,'73218','Hospital Charge Master','MRI UPPER EXTERMITY W/O DYE',31),(1061,'73220','Hospital Charge Master','MRI UPPER EXTREMITY W/O&W/DYE',31),(1062,'C8908','Hospital Charge Master','MRI W/O FOL W/CONT, BREAST,',33),(1063,'97605','Hospital Charge Master','NEGATIVE PRESSURE WOUND THERAPY DME </= 50 SQ CM',7),(1064,'62323-0320','Hospital Charge Master','NJX DX/THER SBST INTRLMNR LMBR/SAC W/IMG GDN',60),(1065,'62322','HCPCS','Njx interlaminar lmbr/sac',1),(1066,'795','MS-DRG','Normal newborn',1),(1067,'31259','HCPCS','Nsl/sins ndsc sphn tiss rmvl',1),(1068,'31253','HCPCS','Nsl/sins ndsc total',1),(1069,'31254','HCPCS','Nsl/sins ndsc w/prtl ethmdct',1),(1070,'31255','HCPCS','Nsl/sins ndsc w/tot ethmdct',1),(1071,'78315-0340','Hospital Charge Master','NUC MED BONE SCAN 3 PHASE',36),(1072,'78315-0340-TC','Hospital Charge Master','NUC MED BONE SCAN 3 PHASE',36),(1073,'78315-0341','Hospital Charge Master','NUC MED BONE SCAN 3 PHASE',35),(1074,'78315-0341-TC','Hospital Charge Master','NUC MED BONE SCAN 3 PHASE',35),(1075,'78306-0340','Hospital Charge Master','NUC MED BONE SCAN WHOLE BODY',36),(1076,'78306-0340-TC','Hospital Charge Master','NUC MED BONE SCAN WHOLE BODY',36),(1077,'78306-0341','Hospital Charge Master','NUC MED BONE SCAN WHOLE BODY',35),(1078,'78306-0341-TC','Hospital Charge Master','NUC MED BONE SCAN WHOLE BODY',35),(1079,'78264-0340','Hospital Charge Master','NUC MED GASTRIC EMPTYING SCAN',36),(1080,'78264-0340-TC','Hospital Charge Master','NUC MED GASTRIC EMPTYING SCAN',36),(1081,'78264-0341','Hospital Charge Master','NUC MED GASTRIC EMPTYING SCAN',35),(1082,'78264-0341-TC','Hospital Charge Master','NUC MED GASTRIC EMPTYING SCAN',35),(1083,'78195-0340','Hospital Charge Master','NUC MED LYMPHOSCINTIGRAPHY SCAN',36),(1084,'78195-0340-TC','Hospital Charge Master','NUC MED LYMPHOSCINTIGRAPHY SCAN',36),(1085,'78195-0341','Hospital Charge Master','NUC MED LYMPHOSCINTIGRAPHY SCAN',35),(1086,'78195-0341-TC','Hospital Charge Master','NUC MED LYMPHOSCINTIGRAPHY SCAN',35),(1087,'78708-0340','Hospital Charge Master','NUC MED RENAL SCAN WITH  CAPTOPRIL',36),(1088,'78708-0340-TC','Hospital Charge Master','NUC MED RENAL SCAN WITH  CAPTOPRIL',36),(1089,'78708-0341','Hospital Charge Master','NUC MED RENAL SCAN WITH  CAPTOPRIL',35),(1090,'78708-0341-TC','Hospital Charge Master','NUC MED RENAL SCAN WITH  CAPTOPRIL',35),(1091,'7321','Hospital Charge Master','NURSE LVL 4 CONSULT NEW PT OUTPATIENT',7),(1092,'76805','Hospital Charge Master','OB US >/= 14 WKS',46),(1093,'80055','HCPCS','Obstetric panel',1),(1094,'80055-0300','Hospital Charge Master','OBSTETRIC PANEL',24),(1095,'80055-0301','Hospital Charge Master','OBSTETRIC PANEL',23),(1096,'59400','HCPCS','Obstetrical care',1),(1097,'99243','HCPCS','Office consultation',1),(1098,'99244','HCPCS','Office consultation',1),(1099,'99205','HCPCS','Office/outpatient visit new',1),(1100,'99203','Hospital Charge Master','OFFICE/OUTPATIENT VISIT, NEW (LVL3)',7),(1101,'99204','Hospital Charge Master','OFFICE/OUTPATIENT VISIT, NEW (LVL4)',7),(1102,'92526','Hospital Charge Master','ORAL FUNCTION THERAPY',68),(1103,'19301','HCPCS','Partial mastectomy',1),(1104,'93312','Hospital Charge Master','PER ECHO TRANSESOPHAGEAL',5),(1105,'93351-0480','Hospital Charge Master','PER STRESS TTE COMPLETE',5),(1106,'93351-0482','Hospital Charge Master','PER STRESS TTE COMPLETE',6),(1107,'93351-0483','Hospital Charge Master','PER STRESS TTE COMPLETE',14),(1108,'93351-0510','Hospital Charge Master','PER STRESS TTE COMPLETE',7),(1109,'93306-0480','Hospital Charge Master','PER TTE W/DOPPLER, COMPLETE',5),(1110,'93306-0482','Hospital Charge Master','PER TTE W/DOPPLER, COMPLETE',6),(1111,'93306-0483','Hospital Charge Master','PER TTE W/DOPPLER, COMPLETE',14),(1112,'93306-0510','Hospital Charge Master','PER TTE W/DOPPLER, COMPLETE',7),(1113,'93306-0730','Hospital Charge Master','PER TTE W/DOPPLER, COMPLETE',17),(1114,'93306-0731','Hospital Charge Master','PER TTE W/DOPPLER, COMPLETE',18),(1115,'C9600','HCPCS','Perc drug-el cor stent sing',1),(1116,'99203P','Hospital Charge Master','PF OFFICE/OUTPATIENT VISIT, NEW',7),(1117,'97161','Hospital Charge Master','PHYSICAL THERAPY EVALUATION LOW COMPLEX 20 MINS',51),(1118,'95810','HCPCS','Polysom 6/> yrs 4/> param',1),(1119,'993863','Hospital Charge Master','PRE-EMPL EXAM (NEW 40-64 YRS)',7),(1120,'99385','HCPCS','Prev visit new age 18-39',1),(1121,'99386','HCPCS','Prev visit new age 40-64',1),(1122,'52601','HCPCS','Prostatectomy (turp)',1),(1123,'85610-0300','Hospital Charge Master','PROTHROMBIN TIME',24),(1124,'85610-0305','Hospital Charge Master','PROTHROMBIN TIME',25),(1125,'85610-0510','Hospital Charge Master','PROTHROMBIN TIME',7),(1126,'49507','HCPCS','Prp i/hern init block >5 yr',1),(1127,'49505','HCPCS','Prp i/hern init reduc >5 yr',1),(1128,'90832','HCPCS','Psytx w pt 30 minutes',1),(1129,'90834','HCPCS','Psytx w pt 45 minutes',1),(1130,'90837','HCPCS','Psytx w pt 60 minutes',1),(1131,'74018-0320','Hospital Charge Master','RADIOLOGIC EXAM ABDOMEN 1 VIEW',60),(1132,'74018-0320-TC','Hospital Charge Master','RADIOLOGIC EXAM ABDOMEN 1 VIEW',60),(1133,'74019-0320','Hospital Charge Master','RADIOLOGIC EXAM ABDOMEN 2 VIEWS',60),(1134,'74019-0320-TC','Hospital Charge Master','RADIOLOGIC EXAM ABDOMEN 2 VIEWS',60),(1135,'71046-0320','Hospital Charge Master','RADIOLOGIC EXAM CHEST 2 VIEWS',60),(1136,'71046-0320-TC','Hospital Charge Master','RADIOLOGIC EXAM CHEST 2 VIEWS',60),(1137,'71045-0320','Hospital Charge Master','RADIOLOGIC EXAM CHEST SINGLE VIEW',60),(1138,'71045-0320-TC','Hospital Charge Master','RADIOLOGIC EXAM CHEST SINGLE VIEW',60),(1139,'23472','HCPCS','Reconstruct shoulder joint',1),(1140,'42830','HCPCS','Removal of adenoids',1),(1141,'46230','HCPCS','Removal of anal tags',1),(1142,'19120','HCPCS','Removal of breast lesion',1),(1143,'42825','HCPCS','Removal of tonsils',1),(1144,'42826','HCPCS','Removal of tonsils',1),(1145,'63047','HCPCS','Remove spine lamina 1 lmbr',1),(1146,'42820','HCPCS','Remove tonsils and adenoids',1),(1147,'42821','HCPCS','Remove tonsils and adenoids',1),(1148,'25111','HCPCS','Remove wrist tendon lesion',1),(1149,'80069-0300','Hospital Charge Master','RENAL FUNCTION PANEL',24),(1150,'80069-0301','Hospital Charge Master','RENAL FUNCTION PANEL',23),(1151,'57288','HCPCS','Repair bladder defect',1),(1152,'24359','HCPCS','Repair elbow deb/attch open',1),(1153,'28285','HCPCS','Repair of hammertoe',1),(1154,'30520','HCPCS','Repair of nasal septum',1),(1155,'23420','HCPCS','Repair of shoulder',1),(1156,'23410','HCPCS','Repair rotator cuff acute',1),(1157,'23412','HCPCS','Repair rotator cuff chronic',1),(1158,'25112','HCPCS','Reremove wrist tendon lesion',1),(1159,'49520','HCPCS','Rerepair ing hernia reduce',1),(1160,'49565','HCPCS','Rerepair ventrl hern reduce',1),(1161,'30140','HCPCS','Resect inferior turbinate',1),(1162,'468','MS-DRG','Revision of hip or knee replacement w/o CC/MCC',1),(1163,'49587','HCPCS','Rpr umbil hern block > 5 yr',1),(1164,'49585','HCPCS','Rpr umbil hern reduc > 5 yr',1),(1165,'49561','HCPCS','Rpr ventral hern init block',1),(1166,'49560','HCPCS','Rpr ventral hern init reduc',1),(1167,'U0003','Hospital Charge Master','SARS-COV-2 NAAT',22),(1168,'77067','Hospital Charge Master','SCREENING MAMMOGRAPHY BI 2-VIEW BREAST INC CAD',45),(1169,'29806','HCPCS','Shoulder arthroscopy/surgery',1),(1170,'29823','HCPCS','Shoulder arthroscopy/surgery',1),(1171,'29824','HCPCS','Shoulder arthroscopy/surgery',1),(1172,'29826','HCPCS','Shoulder arthroscopy/surgery',1),(1173,'20570','Hospital Charge Master','SPECIAL THERAPY ELECTRON',64),(1174,'12109','Hospital Charge Master','SPECIAL THERAPY PORT PLAN',64),(1175,'92507','Hospital Charge Master','SPEECH/HEARING THERAPY',68),(1176,'460','MS-DRG','Spinal fusion except cervical w/o MCC',1),(1177,'93351','HCPCS','Stress tte complete',1),(1178,'30930','HCPCS','Ther fx nasal inf turbinate',1),(1179,'96374-0260','Hospital Charge Master','THER/PROPH/DIAG INJ, IV PUSH',21),(1180,'96374-0450','Hospital Charge Master','THER/PROPH/DIAG INJ, IV PUSH',20),(1181,'96374-0940','Hospital Charge Master','THER/PROPH/DIAG INJ, IV PUSH',49),(1182,'96372-0260','Hospital Charge Master','THER/PROPH/DIAG INJ, SC/IM',21),(1183,'96372-0270','Hospital Charge Master','THER/PROPH/DIAG INJ, SC/IM',29),(1184,'96372-0940','Hospital Charge Master','THER/PROPH/DIAG INJ, SC/IM',49),(1185,'96365-0260','Hospital Charge Master','THER/PROPH/DIAG IV INF, INIT',21),(1186,'96365-0450','Hospital Charge Master','THER/PROPH/DIAG IV INF, INIT',20),(1187,'96365-0761','Hospital Charge Master','THER/PROPH/DIAG IV INF, INIT',70),(1188,'96365-0940','Hospital Charge Master','THER/PROPH/DIAG IV INF, INIT',49),(1189,'97110','Hospital Charge Master','THERAPEUTIC EXERCISES',52),(1190,'85730-0300','Hospital Charge Master','THROMBOPLASTIN TIME, PARTIAL',24),(1191,'85730-0305','Hospital Charge Master','THROMBOPLASTIN TIME, PARTIAL',25),(1192,'78014','Hospital Charge Master','THYROID IMAG WWO VASC FLOW W/SGL OR MULT UPTAKE(S) QUANT MEAS WW',35),(1193,'93660-0480','Hospital Charge Master','TILT TABLE EVALUATION',5),(1194,'58571','HCPCS','Tlh w/t/o 250 g or less',1),(1195,'27130','HCPCS','Total hip arthroplasty',1),(1196,'27447','HCPCS','Total knee arthroplasty',1),(1197,'C8930','HCPCS','Tte w or w/o contr, cont ecg',1),(1198,'C8929','HCPCS','Tte w or wo fol wcon,doppler',1),(1199,'93308-0480','Hospital Charge Master','TTE, F-UP OR LMTD',5),(1200,'93308-0483','Hospital Charge Master','TTE, F-UP OR LMTD',14),(1201,'93308-0510','Hospital Charge Master','TTE, F-UP OR LMTD',7),(1202,'78816-0340','Hospital Charge Master','TUMOR IMAGE PET/CT FULL BODY',36),(1203,'78816-0404','Hospital Charge Master','TUMOR IMAGE PET/CT FULL BODY',44),(1204,'78815','Hospital Charge Master','TUMORIMAGE PET/CT SKUL-THIGH',44),(1205,'81002','HCPCS','Urinalysis nonauto w/o scope',1),(1206,'81002-0300','Hospital Charge Master','URINALYSIS NONAUTO W/O SCOPE',24),(1207,'81002-0307','Hospital Charge Master','URINALYSIS NONAUTO W/O SCOPE',27),(1208,'81000','HCPCS','Urinalysis nonauto w/scope',1),(1209,'81001-0300','Hospital Charge Master','URINALYSIS, AUTO W/SCOPE',24),(1210,'81001-0306','Hospital Charge Master','URINALYSIS, AUTO W/SCOPE',22),(1211,'81001-0636','Hospital Charge Master','URINALYSIS, AUTO W/SCOPE',13),(1212,'81003-0300','Hospital Charge Master','URINALYSIS,AUTO, W/O SCOPE',24),(1213,'81003-0307','Hospital Charge Master','URINALYSIS,AUTO, W/O SCOPE',27),(1214,'76700-0402','Hospital Charge Master','US ABDOMEN COMPLETE',46),(1215,'76700-0402-TC','Hospital Charge Master','US ABDOMEN COMPLETE',46),(1216,'76705-0402','Hospital Charge Master','US ABDOMEN LTD',46),(1217,'76705-0402-TC','Hospital Charge Master','US ABDOMEN LTD',46),(1218,'76706','Hospital Charge Master','US ABDOMINAL AORTA REAL TIME SCREEN STUDY AAA',46),(1219,'76642','Hospital Charge Master','US BREAST UNI REAL TIME WITH IMAGE LIMITED',46),(1220,'93880-0920','Hospital Charge Master','US CAROTID DUPLEX BILAT',40),(1221,'93880-0920-TC','Hospital Charge Master','US CAROTID DUPLEX BILAT',40),(1222,'93880-0921','Hospital Charge Master','US CAROTID DUPLEX BILAT',41),(1223,'93880-0921-TC','Hospital Charge Master','US CAROTID DUPLEX BILAT',41),(1224,'76881','Hospital Charge Master','US COMPLETE JOINT NON-VASC',46),(1225,'76882','Hospital Charge Master','US LMTD JOINT NON-VASC',46),(1226,'76856','Hospital Charge Master','US PELVIS',46),(1227,'76857','Hospital Charge Master','US PELVIS LTD/FOLLOW UP',46),(1228,'76775-0402','Hospital Charge Master','US RETROPERITONEAL (AORTA) LTD',46),(1229,'76775-0402-TC','Hospital Charge Master','US RETROPERITONEAL (AORTA) LTD',46),(1230,'76770-0402','Hospital Charge Master','US RETROPERITONEAL (KIDNEYS) COMP',46),(1231,'76770-0402-TC','Hospital Charge Master','US RETROPERITONEAL (KIDNEYS) COMP',46),(1232,'76536-0402','Hospital Charge Master','US SOFT TISSUE HEAD, NECK, OR THYROID',46),(1233,'76536-0402-TC','Hospital Charge Master','US SOFT TISSUE HEAD, NECK, OR THYROID',46),(1234,'76870-0402','Hospital Charge Master','US TESTICLE',46),(1235,'76870-0402-TC','Hospital Charge Master','US TESTICLE',46),(1236,'76830','Hospital Charge Master','US TRANSVAGINAL PELVIS',46),(1237,'93970','Hospital Charge Master','US VENOUS DOPPLER BILAT',41),(1238,'742','MS-DRG','Uterine & adnexa proc for non-malignancy w CC/MCC',1),(1239,'743','MS-DRG','Uterine & adnexa proc for non-malignancy w/o CC/MCC',1),(1240,'12854','Hospital Charge Master','VAC-LOC DEVICE COMPLEX',64),(1241,'58262','HCPCS','Vag hyst including t/o',1),(1242,'768','MS-DRG','Vaginal delivery w O.R. proc except steril &/or D&C',1),(1243,'806','MS-DRG','VAGINAL DELIVERY W/O STERILIZATION/D&C W CC',1),(1244,'805','MS-DRG','VAGINAL DELIVERY W/O STERILIZATION/D&C W MCC',1),(1245,'807','MS-DRG','VAGINAL DELIVERY W/O STERILIZATION/D&C W/O CC/MCC',1),(1246,'93975','Hospital Charge Master','VASCULAR STUDY',40),(1247,'59610','HCPCS','Vbac delivery',1),(1248,'29848','HCPCS','Wrist endoscopy/surgery',1),(1249,'73600','Hospital Charge Master','X-RAY EXAM OF ANKLE',60),(1250,'73610-0320','Hospital Charge Master','X-RAY EXAM OF ANKLE',60),(1251,'73610-0320-TC','Hospital Charge Master','X-RAY EXAM OF ANKLE',60),(1252,'73070','Hospital Charge Master','X-RAY EXAM OF ELBOW',60),(1253,'73140-0320','Hospital Charge Master','X-RAY EXAM OF FINGER(S)',60),(1254,'73140-0320-TC','Hospital Charge Master','X-RAY EXAM OF FINGER(S)',60),(1255,'73620','Hospital Charge Master','X-RAY EXAM OF FOOT',60),(1256,'73630-0320','Hospital Charge Master','X-RAY EXAM OF FOOT',60),(1257,'73630-0320-TC','Hospital Charge Master','X-RAY EXAM OF FOOT',60),(1258,'73090','Hospital Charge Master','X-RAY EXAM OF FOREARM',60),(1259,'73130-0320','Hospital Charge Master','X-RAY EXAM OF HAND',60),(1260,'73130-0320-TC','Hospital Charge Master','X-RAY EXAM OF HAND',60),(1261,'73060','Hospital Charge Master','X-RAY EXAM OF HUMERUS',60),(1262,'73560','Hospital Charge Master','X-RAY EXAM OF KNEE, 1 OR 2',60),(1263,'72040','Hospital Charge Master','X-RAY EXAM OF NECK SPINE',60),(1264,'72170-0320','Hospital Charge Master','X-RAY EXAM OF PELVIS',60),(1265,'72170-0320-TC','Hospital Charge Master','X-RAY EXAM OF PELVIS',60),(1266,'71101-0320','Hospital Charge Master','X-RAY EXAM OF RIBS/CHEST',60),(1267,'71101-0320-TC','Hospital Charge Master','X-RAY EXAM OF RIBS/CHEST',60),(1268,'73030','Hospital Charge Master','X-RAY EXAM OF SHOULDER',60),(1269,'73660','Hospital Charge Master','X-RAY EXAM OF TOE(S)',60),(1270,'73100','Hospital Charge Master','X-RAY EXAM OF WRIST',60),(1271,'73110','Hospital Charge Master','X-RAY EXAM OF WRIST',60),(1272,'73564','Hospital Charge Master','X-RAY EXAM, KNEE, 4 OR MORE',60),(1273,'70030-0320','Hospital Charge Master','X-RAY EYE FOR FOREIGN BODY',60),(1274,'70030-0320-50','Hospital Charge Master','X-RAY EYE FOR FOREIGN BODY',60),(1275,'66982','HCPCS','Xcapsl ctrc rmvl cplx wo ecp',1),(1276,'66984','HCPCS','Xcapsl ctrc rmvl w/o ecp',1),(1277,'73522','Hospital Charge Master','XR BIL HIP W/PELVIS 3-4 VIEWS',60),(1278,'73552','Hospital Charge Master','XR FEMUR MIN 2 VIEWS',60),(1279,'73502','Hospital Charge Master','XR HIP W/PELVIS 2-3 VIEWS',60),(1280,'75630-0320','Hospital Charge Master','XRAY AORTOGRAM W/ BILAT LOWER EXTREMITY',60),(1281,'75630-0323','Hospital Charge Master','XRAY AORTOGRAM W/ BILAT LOWER EXTREMITY',57),(1282,'72052-0320','Hospital Charge Master','XRAY CERVICAL SPINE COMP',60),(1283,'72052-0320-TC','Hospital Charge Master','XRAY CERVICAL SPINE COMP',60),(1284,'74455-0320','Hospital Charge Master','XRAY CYSTOGRAM VOIDING',60),(1285,'74230-0320','Hospital Charge Master','XRAY ESOPHOGRAM VIDEO  W/SCOUT FILMS',60),(1286,'74230-0320-TC','Hospital Charge Master','XRAY ESOPHOGRAM VIDEO  W/SCOUT FILMS',60),(1287,'74740-0320','Hospital Charge Master','XRAY HYSTEROSALPINGOGRAM',60),(1288,'74740-0320-TC','Hospital Charge Master','XRAY HYSTEROSALPINGOGRAM',60),(1289,'72110-0320','Hospital Charge Master','XRAY LUMBAR SPINE COMPLETE',60),(1290,'72110-0320-TC','Hospital Charge Master','XRAY LUMBAR SPINE COMPLETE',60),(1291,'72100-0320','Hospital Charge Master','XRAY LUMBAR SPINE LTD',60),(1292,'72100-0320-TC','Hospital Charge Master','XRAY LUMBAR SPINE LTD',60),(1293,'72072-0320','Hospital Charge Master','XRAY THORACIC SPINE COMP',60),(1294,'72072-0320-TC','Hospital Charge Master','XRAY THORACIC SPINE COMP',60),(1295,'73590-0320','Hospital Charge Master','XRAY TIB/FIB AP MECHANICAL AXIS',60),(1296,'73590-0320-TC','Hospital Charge Master','XRAY TIB/FIB AP MECHANICAL AXIS',60),(1297,'74240-0320','Hospital Charge Master','XRAY UPPER GI W/SCOUT FILMS SGL CONTRAST',60),(1298,'74240-0320-TC','Hospital Charge Master','XRAY UPPER GI W/SCOUT FILMS SGL CONTRAST',60);
/*!40000 ALTER TABLE `procedure` ENABLE KEYS */;
UNLOCK TABLES;

--
-- Table structure for table `procedure_category`
--

DROP TABLE IF EXISTS `procedure_category`;
/*!40101 SET @saved_cs_client     = @@character_set_client */;
/*!50503 SET character_set_client = utf8mb4 */;
CREATE TABLE `procedure_category` (
  `id` int NOT NULL AUTO_INCREMENT,
  `rev_code` text,
  `rev_desc` text,
  PRIMARY KEY (`id`)
) ENGINE=InnoDB AUTO_INCREMENT=128 DEFAULT CHARSET=utf8mb4 COLLATE=utf8mb4_0900_ai_ci;
/*!40101 SET character_set_client = @saved_cs_client */;

--
-- Dumping data for table `procedure_category`
--

LOCK TABLES `procedure_category` WRITE;
/*!40000 ALTER TABLE `procedure_category` DISABLE KEYS */;
INSERT INTO `procedure_category` VALUES (1,'1','HCPCS code'),(2,'0951','Other Therapeutic Service'),(3,'0471','Audiology - Diagnostic'),(4,'0391','Blood Storage and Processing - Blood Administration'),(5,'0480','Cardiology - General Classification'),(6,'0482','Cardiology - Stress Test'),(7,'0510','Clinic - General Classification'),(8,'0514','Clinic - OB-GYN Clinic'),(9,'0352','CT Scan - Body Scan'),(10,'0350','CT Scan - General Classification'),(11,'0351','CT Scan - Head Scan'),(12,'0359','CT Scan - Other CT Scans'),(13,'0636','Drugs Identification - Drugs Requiring Detailed Coding'),(14,'0483','Echocardiology'),(15,'0740','EEG - General classification'),(16,'0749','EEG - Other'),(17,'0730','EKG/ECG - General Classification'),(18,'0731','EKG/ECG - Holter monitor'),(19,'0732','EKG/ECG - Telemetry'),(20,'0450','Emergency Room - General Classification'),(21,'0260','IV Therapy - General classification'),(22,'0306','Laboratory - Bacteriology and Microbiology'),(23,'0301','Laboratory - Chemistry'),(24,'0300','Laboratory - General Classification'),(25,'0305','Laboratory - Hematology'),(26,'0302','Laboratory - Immunologu'),(27,'0307','Laboratory - Urology'),(28,'0310','Laboratory Pathological - General Classification'),(29,'0270','Medical/Surgical Supplies and Devices - General Classification'),(30,'0611','MRI - Brain (including Brainstem)'),(31,'0610','MRI - General Classification'),(32,'0615','MRI - MRA Head and Neck'),(33,'0614','MRI - Other'),(34,'0612','MRI - Spinal Cord (including Spine)'),(35,'0341','Nuclear Medicine - Diagnostic'),(36,'0340','Nuclear Medicine - General Classification'),(37,'0434','Occupational Therapy - Evaluation or Re-evaluation'),(38,'0430','Occupational Therapy - General classification'),(39,'0280','Oncology - General Classification'),(40,'0920','Other Diagnostic Services - General Classification'),(41,'0921','Other Diagnostic Services - Peripheral Vascular Lab'),(42,'0401','Other Imaging Services - Diagnostic Mammography'),(43,'0400','Other Imaging Services - General classification'),(44,'0404','Other Imaging Services - Positron Emmission Tomography'),(45,'0403','Other Imaging Services - Screening Mammography'),(46,'0402','Other Imaging Services - Ultrasound'),(47,'0943','Other Therapeutic Services - Cardiac Rehabilitation'),(48,'0942','Other Therapeutic Services - Education/Training'),(49,'0940','Other Therapeutic Services - General Classification'),(50,'0948','Other Therapeutic Services - Other'),(51,'0424','Physical Therapy - Evaluation or Re-evaluation'),(52,'0420','Physical Therapy - General classification'),(53,'0916','Psychiatric/Psychological Services - Family Therapy'),(54,'0915','Psychiatric/Psychological Services - Group Therapy'),(55,'0914','Psychiatric/Psychological Services - Individual Therapy'),(56,'0460','Pulmonary Function - General Classification'),(57,'0323','Radiology - Diagnostic - Arteriography'),(58,'0322','Radiology - Diagnostic - Arthography'),(59,'0324','Radiology - Diagnostic - Chest X-Ray'),(60,'0320','Radiology - Diagnostic - General Classification'),(61,'0329','Radiology - Diagnostic - Other'),(62,'0331','Radiology - Therapeutic - Chemotherapy - Injected'),(63,'0335','Radiology - Therapeutic - Chemotherapy - IV'),(64,'0333','Radiology - Therapeutic - Radiation Therapy'),(65,'0410','Respiratory Services - General Classification'),(66,'0413','Respiratory Services - Hyperbaric Oxygen Therapy'),(67,'0444','Speech-Language Pathology Therapy - Evaluation or Re-evaluation'),(68,'0440','Speech-Language Pathology Therapy - General classification'),(69,'0762','Treatment/Observation Room - Observation Room'),(70,'0761','Treatment/Observation Room - Treatment Room'),(71,'0456','Urgent Care'),(72,'0771','Vaccine Administration');
/*!40000 ALTER TABLE `procedure_category` ENABLE KEYS */;
UNLOCK TABLES;

--
-- Table structure for table `standard_charge`
--

DROP TABLE IF EXISTS `standard_charge`;
/*!40101 SET @saved_cs_client     = @@character_set_client */;
/*!50503 SET character_set_client = utf8mb4 */;
CREATE TABLE `standard_charge` (
  `id` int NOT NULL AUTO_INCREMENT,
  `discounted_cash_price` text,
  `hospital_id` int DEFAULT NULL,
  `procedure_id` int DEFAULT NULL,
  PRIMARY KEY (`id`),
  KEY `FK_procedure` (`procedure_id`),
  KEY `FK_hospital` (`hospital_id`),
  CONSTRAINT `FK_hospital` FOREIGN KEY (`hospital_id`) REFERENCES `hospital` (`id`),
  CONSTRAINT `FK_procedure` FOREIGN KEY (`procedure_id`) REFERENCES `procedure` (`id`)
) ENGINE=InnoDB AUTO_INCREMENT=2048 DEFAULT CHARSET=utf8mb4 COLLATE=utf8mb4_0900_ai_ci;
/*!40101 SET character_set_client = @saved_cs_client */;

--
-- Dumping data for table `standard_charge`
--

LOCK TABLES `standard_charge` WRITE;
/*!40000 ALTER TABLE `standard_charge` DISABLE KEYS */;
INSERT INTO `standard_charge` VALUES (1,'$13,723.56',1,820),(2,'$11,939.91',1,1142),(3,'$14,138.35',1,169),(4,'$16,129.30',1,1103),(5,'$19,212.60',1,1019),(6,'$793.90',1,15),(7,'$793.90',1,16),(9,'$13,943.55',1,1156),(10,'$13,530.31',1,1157),(11,'$8,614.76',1,1148),(12,'$1,110.83',1,818),(13,'$1,110.83',1,819),(14,'$28,959.58',1,1195),(15,'$26,108.37',1,1196),(16,'$5,225.16',1,1153),(17,'$11,300.11',1,76),(18,'$20,562.13',1,1172),(19,'$20,255.76',1,17),(20,'$12,128.12',1,826),(21,'$11,335.86',1,827),(22,'$14,587.70',1,828),(23,'$23,486.09',1,830),(24,'$13,061.33',1,1161),(25,'$89.70',1,240),(26,'$208.00',1,227),(27,'$231.75',1,237),(28,'$168.65',1,185),(29,'$168.82',1,186),(30,'$168.82',1,187),(31,'$14,998.48',1,1154),(32,'$13,184.86',1,1178),(33,'$38.36',1,193),(34,'$54.46',1,196),(35,'$220.50',1,197),(36,'$220.50',1,198),(37,'$220.50',1,199),(38,'$89.57',1,202),(39,'$89.57',1,203),(40,'$220.50',1,201),(41,'$220.50',1,204),(42,'$3,858.52',1,249),(43,'$18,422.16',1,1068),(44,'$14,585.12',1,1069),(45,'$16,184.73',1,1070),(46,'$16,571.59',1,170),(47,'$20,896.32',1,1067),(48,'$20,896.32',1,167),(49,'$7,782.86',1,161),(50,'$7,678.83',1,162),(51,'$5,997.26',1,36),(52,'$7,678.83',1,37),(53,'$54.46',1,242),(54,'$75,848.68',1,1017),(55,'$30,524.03',1,1016),(56,'$54.46',1,243),(57,'$32,670.26',1,1018),(58,'$11,035.78',1,822),(59,'$1,238.39',1,209),(60,'$1,750.39',1,200),(61,'$793.90',1,179),(62,'$793.90',1,180),(63,'$793.90',1,181),(64,'$793.90',1,182),(65,'$38.36',1,194),(66,'$38.36',1,195),(67,'$220.50',1,823),(68,'$220.50',1,824),(69,'$3,120.03',1,233),(70,'$3,120.03',1,234),(71,'$3,120.03',1,231),(72,'$3,107.51',1,210),(73,'$3,107.51',1,211),(74,'$3,107.51',1,212),(75,'$3,107.51',1,213),(76,'$3,107.51',1,214),(77,'$3,107.51',1,215),(78,'$3,107.51',1,216),(79,'$3,107.51',1,217),(80,'$3,120.03',1,232),(81,'$200.17',1,190),(82,'$483.70',1,188),(83,'$483.70',1,239),(84,'$483.70',1,189),(85,'$897.70',1,246),(86,'$198.93',1,32),(87,'$198.93',1,33),(88,'$198.93',1,34),(89,'$198.93',1,35),(90,'$20,707.82',1,175),(91,'$20,707.82',1,176),(92,'$126.44',1,245),(93,'$126.44',1,244),(94,'$113.99',1,241),(95,'$90.35',1,191),(96,'$90.35',1,192),(97,'$113.99',1,247),(98,'$125.72',1,207),(99,'$126.77',1,206),(100,'$113.99',1,236),(101,'$241.80',1,229),(102,'$286.22',1,230),(103,'$289.90',1,228),(104,'$83.20',1,178),(105,'$41.60',1,235),(106,'$111.80',1,226),(107,'$126.77',1,205),(108,'$111.80',1,225),(109,'$113.99',1,223),(110,'$126.44',1,224),(111,'$126.44',1,221),(112,'$126.44',1,184),(113,'$68.25',1,222),(114,'$234.00',1,219),(115,'$288.13',1,220),(116,'$281.45',1,218),(117,'$125.72',1,208),(118,'$16,550.55',1,28),(119,'$15,865.36',1,29),(120,'$17,592.28',1,30),(121,'$7,609.65',1,238),(122,'$4,157.37',1,183),(123,'$312.25',1,248),(124,'$9,951.19',1,1146),(125,'$10,295.73',1,1147),(126,'$8,621.33',1,1143),(127,'$11,969.49',1,1144),(128,'$3,819.18',1,164),(129,'$4,970.96',1,163),(130,'$3,332.55',1,155),(131,'$4,346.11',1,151),(132,'$4,408.92',1,57),(133,'$4,291.49',1,60),(137,'$26,277.72',1,1015),(139,'$17,825.67',1,846),(140,'$13,690.33',1,1127),(141,'$11,920.97',1,1126),(142,'$16,849.66',1,1159),(143,'$16,728.26',1,1166),(144,'$19,288.27',1,1165),(145,'$14,667.58',1,1160),(146,'$13,856.84',1,1164),(147,'$14,112.55',1,1163),(148,'$19,697.13',1,840),(149,'$18,364.07',1,842),(150,'$19,562.54',1,839),(151,'$8,057.00',1,148),(152,'$8,057.00',1,149),(153,'$8,057.00',1,150),(154,'$22,013.84',1,1122),(155,'$13,941.56',1,55),(156,'$14,175.92',1,27),(158,'$21,405.13',1,845),(159,'$23,928.75',1,1194),(164,'$1,122.99',1,1064),(165,'$7,713.47',1,44),(167,'$10,854.47',1,1275),(168,'$11,038.36',1,1276),(169,'$7,926.33',1,78),(170,'$244.56',1,1273),(171,'$244.56',1,1274),(172,'$1,618.53',1,114),(173,'$1,618.53',1,115),(174,'$1,618.53',1,116),(175,'$1,618.53',1,117),(176,'$1,765.73',1,110),(177,'$1,765.73',1,111),(178,'$1,765.73',1,112),(179,'$1,765.73',1,113),(180,'$1,638.00',1,127),(181,'$1,638.00',1,128),(182,'$1,638.00',1,129),(183,'$1,638.00',1,130),(184,'$1,588.00',1,121),(185,'$1,588.00',1,122),(186,'$1,588.00',1,123),(187,'$1,588.00',1,124),(188,'$1,588.00',1,125),(189,'$1,588.00',1,126),(190,'$1,842.30',1,136),(191,'$1,842.30',1,137),(192,'$1,896.43',1,102),(193,'$2,049.33',1,103),(194,'$2,049.33',1,104),(195,'$3,838.41',1,1054),(196,'$3,838.41',1,1055),(197,'$2,649.82',1,1026),(198,'$2,649.82',1,1027),(199,'$4,611.52',1,1028),(200,'$4,611.52',1,1029),(201,'$4,611.52',1,1030),(202,'$4,611.52',1,1031),(203,'$2,766.00',1,1035),(204,'$2,766.00',1,1036),(205,'$4,494.12',1,1034),(206,'$181.65',1,1137),(207,'$181.65',1,1138),(208,'$229.06',1,1135),(209,'$229.06',1,1136),(210,'$155.76',1,1266),(211,'$155.76',1,1267),(212,'$1,632.70',1,146),(213,'$1,632.70',1,105),(214,'$1,632.70',1,106),(215,'$1,931.15',1,142),(216,'$1,931.15',1,143),(217,'$1,931.15',1,144),(218,'$1,931.15',1,145),(219,'$2,046.34',1,131),(220,'$2,046.34',1,132),(221,'$131.02',1,1263),(222,'$260.65',1,1282),(223,'$260.65',1,1283),(224,'$178.88',1,1293),(225,'$178.88',1,1294),(226,'$153.63',1,1291),(227,'$153.63',1,1292),(228,'$216.01',1,1289),(229,'$216.01',1,1290),(230,'$2,543.79',1,107),(231,'$2,543.79',1,108),(232,'$2,567.39',1,138),(233,'$2,567.39',1,139),(234,'$2,567.39',1,140),(235,'$2,567.39',1,141),(236,'$2,275.65',1,119),(237,'$2,275.65',1,120),(238,'$2,705.83',1,1052),(239,'$2,705.83',1,1053),(240,'$2,969.65',1,1040),(241,'$2,883.53',1,1050),(242,'$4,010.91',1,1038),(243,'$4,051.74',1,1039),(244,'$3,850.76',1,1049),(245,'$119.81',1,1264),(246,'$119.81',1,1265),(247,'$1,506.70',1,135),(248,'$1,575.60',1,133),(249,'$1,575.60',1,134),(250,'$2,742.68',1,1058),(251,'$2,742.68',1,1059),(252,'$3,809.26',1,1056),(253,'$3,809.26',1,1057),(254,'$137.08',1,1268),(255,'$130.18',1,1261),(256,'$118.30',1,1252),(257,'$108.99',1,1258),(258,'$145.96',1,1270),(259,'$142.04',1,1271),(260,'$135.27',1,1259),(261,'$135.27',1,1260),(262,'$98.81',1,1253),(263,'$98.81',1,1254),(264,'$1,946.49',1,147),(265,'$2,695.55',1,1060),(266,'$3,789.83',1,1061),(267,'$2,511.85',1,1046),(268,'$3,281.85',1,1045),(269,'$3,911.70',1,1044),(270,'$89.32',1,1279),(271,'$100.75',1,1277),(272,'$536.25',1,71),(273,'$69.01',1,1278),(274,'$153.12',1,1262),(275,'$170.21',1,1272),(276,'$636.24',1,72),(277,'$636.24',1,73),(278,'$123.57',1,1295),(279,'$123.57',1,1296),(280,'$158.10',1,1249),(281,'$137.69',1,1250),(282,'$137.69',1,1251),(283,'$144.58',1,1255),(284,'$133.89',1,1256),(285,'$133.89',1,1257),(286,'$99.65',1,1269),(287,'$2,022.84',1,118),(288,'$2,509.90',1,1048),(289,'$2,668.46',1,1051),(290,'$2,484.83',1,1041),(291,'$3,023.52',1,1043),(292,'$2,729.35',1,1042),(293,'$130.29',1,1131),(294,'$130.29',1,1132),(295,'$149.75',1,1133),(296,'$149.75',1,1134),(297,'$1,550.69',1,86),(298,'$1,550.69',1,87),(299,'$1,691.17',1,88),(300,'$1,691.17',1,89),(301,'$1,691.17',1,90),(302,'$1,691.17',1,91),(303,'$1,691.17',1,92),(304,'$1,691.17',1,93),(305,'$1,985.23',1,82),(306,'$1,985.23',1,83),(307,'$1,985.23',1,84),(308,'$1,985.23',1,85),(309,'$2,911.55',1,96),(310,'$1,925.17',1,97),(311,'$2,825.94',1,79),(312,'$2,825.94',1,80),(313,'$3,261.31',1,94),(314,'$3,261.31',1,95),(315,'$4,494.04',1,81),(316,'$4,071.50',1,1032),(317,'$4,071.50',1,1033),(318,'$46,307.77',1,1238),(319,'$284.84',1,74),(320,'$297.86',1,1285),(321,'$297.86',1,1286),(322,'$295.19',1,1297),(323,'$295.19',1,1298),(324,'$1,900.60',1,109),(325,'$20,527.86',1,1239),(326,'$630.66',1,75),(327,'$389.35',1,1284),(328,'$404.95',1,1287),(329,'$404.95',1,1288),(330,'$2,784.81',1,39),(331,'$1,559.35',1,100),(332,'$1,559.35',1,101),(333,'$2,507.05',1,1280),(334,'$2,507.05',1,1281),(335,'$3,203.85',1,98),(336,'$3,203.85',1,99),(337,'$2,926.30',1,13),(338,'$2,926.30',1,14),(339,'$344.73',1,1232),(340,'$344.73',1,1233),(341,'$265.74',1,1219),(342,'$721.97',1,1214),(343,'$721.97',1,1215),(344,'$371.64',1,1216),(345,'$371.64',1,1217),(346,'$83.11',1,1218),(347,'$487.40',1,1230),(348,'$487.40',1,1231),(349,'$323.09',1,1228),(350,'$323.09',1,1229),(351,'$407.55',1,1092),(352,'$273.18',1,1236),(353,'$436.80',1,1226),(354,'$326.30',1,1227),(355,'$399.65',1,1234),(356,'$399.65',1,1235),(357,'$384.80',1,1224),(358,'$257.08',1,1225),(359,'$4,223.05',1,1037),(360,'$412.50',1,157),(361,'$442.94',1,156),(362,'$353.96',1,154),(363,'$373.99',1,152),(364,'$373.99',1,153),(365,'$329.10',1,1168),(366,'$1,195.61',1,1192),(367,'$1,714.26',1,1083),(368,'$1,714.26',1,1084),(369,'$1,714.26',1,1085),(370,'$1,714.26',1,1086),(371,'$2,492.70',1,802),(372,'$2,443.82',1,1079),(373,'$2,443.82',1,1080),(374,'$2,443.82',1,1081),(375,'$2,443.82',1,1082),(376,'$2,066.40',1,1075),(377,'$2,066.40',1,1076),(378,'$2,066.40',1,1077),(379,'$2,066.40',1,1078),(380,'$1,877.04',1,1071),(381,'$1,877.04',1,1072),(382,'$1,877.04',1,1073),(383,'$1,877.04',1,1074),(384,'$3,107.70',1,805),(385,'$27,437.15',1,48),(386,'$28,924.55',1,47),(387,'$2,256.15',1,1087),(388,'$2,256.15',1,1088),(389,'$2,256.15',1,1089),(390,'$2,256.15',1,1090),(391,'$23,323.11',1,49),(392,'$5,842.85',1,1204),(393,'$5,594.55',1,1202),(394,'$5,594.55',1,1203),(395,'$2,163.53',1,1066),(396,'$79.70',1,1021),(397,'$79.70',1,1022),(398,'$144.24',1,68),(399,'$144.24',1,69),(400,'$271.70',1,1094),(401,'$271.70',1,1095),(402,'$111.99',1,1010),(403,'$111.99',1,1011),(404,'$104.33',1,1149),(405,'$104.33',1,1150),(406,'$85.56',1,800),(407,'$85.56',1,801),(408,'$16,561.22',1,1243),(409,'$9,307.95',1,1245),(411,'$27.51',1,1209),(412,'$27.51',1,1210),(413,'$27.51',1,1211),(414,'$20.51',1,1206),(415,'$20.51',1,1207),(416,'$22.39',1,1212),(417,'$22.39',1,1213),(418,'$22.39',1,160),(419,'$152.10',1,20),(420,'$152.10',1,21),(422,'$115.13',1,22),(423,'$115.13',1,23),(424,'$59.88',1,62),(425,'$59.88',1,63),(426,'$57.29',1,64),(427,'$57.29',1,65),(428,'$31.40',1,1123),(429,'$31.40',1,1124),(430,'$31.40',1,1125),(431,'$41.55',1,1190),(432,'$41.55',1,1191),(433,'$35.75',1,1),(434,'$123.50',1,806),(435,'$38.36',1,807),(436,'$38.36',1,808),(437,'$38.36',1,809),(438,'$38.36',1,810),(445,'$465.74',1,1175),(446,'$265.71',1,1102),(447,'$1,238.39',1,24),(448,'$453.64',1,168),(449,'$533.65',1,1025),(450,'$192.40',1,50),(451,'$192.40',1,51),(452,'$200.17',1,52),(453,'$200.17',1,53),(454,'$200.17',1,54),(455,'$483.70',1,42),(456,'$483.70',1,43),(457,'$2,011.23',1,1109),(458,'$2,011.23',1,1110),(459,'$2,011.23',1,1111),(460,'$2,011.23',1,1112),(461,'$2,011.23',1,1113),(462,'$2,011.23',1,1114),(463,'$274.43',1,1199),(464,'$274.43',1,1200),(465,'$274.43',1,1201),(466,'$1,646.24',1,1104),(467,'$2,632.75',1,1105),(468,'$2,632.75',1,1106),(469,'$2,632.75',1,1107),(470,'$2,632.75',1,1108),(472,'$897.70',1,1193),(473,'$729.95',1,1220),(474,'$729.95',1,1221),(475,'$729.95',1,1222),(476,'$729.95',1,1223),(477,'$760.43',1,1237),(478,'$644.70',1,171),(479,'$644.70',1,172),(480,'$312.25',1,1246),(481,'$220.50',1,1185),(482,'$220.50',1,1186),(483,'$220.50',1,1187),(484,'$220.50',1,1188),(485,'$54.46',1,1182),(486,'$54.46',1,1183),(487,'$54.46',1,1184),(488,'$89.57',1,1179),(489,'$89.57',1,1180),(490,'$89.57',1,1181),(491,'$126.44',1,1189),(492,'$241.80',1,1117),(493,'$3,858.52',1,1063),(494,'$230.75',1,1100),(495,'$117.65',1,1116),(496,'$330.85',1,1101),(500,'$84.50',1,158),(501,'$84.50',1,159),(502,'$71.50',1,1119),(503,'$3,492.45',1,1062),(504,'$2,027.44',1,1198),(505,'$2,878.48',1,1197),(506,'$8,170.83',1,1115),(507,'$31.79',1,6),(508,'$31.79',1,7),(509,'$31.79',1,8),(510,'$2,339.91',1,38),(511,'$3,453.37',1,61),(512,'$3,494.17',1,56),(513,'$1,482.70',1,817),(514,'$101.40',1,1013),(515,'$808.60',1,815),(516,'$808.60',1,816),(517,'$84.31',1,803),(518,'$123.50',1,1167),(519,'$81.00',2,428),(520,'$376.20',2,263),(521,'$655.20',2,387),(522,'$202.20',2,402),(523,'$40.20',2,396),(524,'$191.40',2,383),(525,'$117.00',2,798),(526,'$144.60',2,393),(527,'$39.60',2,425),(528,'$40.20',2,469),(529,'$40.20',2,397),(530,'$317.40',2,404),(531,'$191.40',2,384),(532,'$317.40',2,405),(533,'$463.20',2,385),(534,'$807.60',2,399),(535,'$202.80',2,400),(536,'$117.00',2,430),(537,'$202.20',2,403),(538,'$6,901.02',2,390),(539,'$39.60',2,427),(540,'$144.60',2,394),(542,'$28,784.51',2,1016),(543,'$22,020.00',2,1176),(544,'$37,766.57',2,932),(545,'$21,995.74',2,1015),(548,'$98.40',2,895),(549,'$19.80',2,921),(550,'$85.20',2,852),(551,'$85.20',2,856),(552,'$97.20',2,998),(553,'$26.40',2,1005),(554,'$108.60',2,862),(555,'$273.00',2,484),(556,'$273.00',2,270),(557,'$1,500.00',2,329),(558,'$1,500.00',2,337),(559,'$1,435.20',2,312),(560,'$1,500.00',2,316),(561,'$1,590.00',2,357),(562,'$1,719.60',2,302),(563,'$2,005.80',2,526),(564,'$2,005.80',2,558),(565,'$2,005.80',2,542),(566,'$2,005.80',2,532),(567,'$1,912.20',2,572),(568,'$1,719.60',2,294),(569,'$273.00',2,687),(570,'$202.80',2,479),(571,'$116.40',2,945),(572,'$85.20',2,860),(573,'$78.60',2,900),(574,'$78.60',2,906),(575,'$285.60',2,933),(576,'$61.80',2,919),(577,'$19.20',2,963),(578,'$108.60',2,914),(579,'$16.80',2,923),(580,'$273.00',2,446),(581,'$273.00',2,284),(582,'$1,590.00',2,354),(583,'$1,590.00',2,336),(584,'$2,005.80',2,559),(585,'$2,005.80',2,530),(586,'$2,095.80',2,518),(587,'$370.20',2,759),(588,'$273.00',2,493),(589,'$462.60',2,444),(590,'$273.00',2,770),(591,'$273.00',2,408),(592,'$273.00',2,785),(593,'$130.80',2,652),(594,'$180.60',2,639),(595,'$132.00',2,603),(596,'$273.00',2,775),(597,'$130.80',2,655),(598,'$156.60',2,668),(599,'$157.20',2,609),(600,'$438.00',2,478),(601,'$199.80',2,269),(602,'$168.60',2,433),(603,'$63.00',2,412),(604,'$176.27',2,276),(605,'$78.60',2,904),(606,'$85.20',2,858),(607,'$85.20',2,831),(608,'$78.60',2,903),(609,'$78.60',2,908),(610,'$116.40',2,940),(611,'$30.00',2,951),(612,'$30.00',2,953),(613,'$100.20',2,943),(614,'$116.40',2,947),(615,'$73.20',2,887),(616,'$19.20',2,959),(617,'$9.00',2,885),(618,'$30.00',2,876),(619,'$9.00',2,833),(620,'$78.60',2,899),(622,'$8,330.40',2,1020),(623,'$123.60',2,934),(624,'$108.60',2,849),(625,'$30.00',2,958),(626,'$30.00',2,874),(627,'$90.00',2,972),(628,'$273.00',2,710),(629,'$1,435.20',2,325),(630,'$1,590.00',2,356),(631,'$2,095.80',2,516),(632,'$2,005.80',2,548),(633,'$363.00',2,748),(634,'$188.40',2,992),(635,'$108.60',2,898),(636,'$1,859.40',2,521),(637,'$273.00',2,251),(638,'$273.00',2,448),(639,'$1,500.00',2,347),(640,'$1,500.00',2,349),(641,'$1,521.60',2,314),(642,'$2,005.80',2,545),(643,'$2,005.80',2,519),(644,'$273.00',2,285),(645,'$273.00',2,451),(646,'$273.00',2,460),(647,'$1,719.60',2,307),(648,'$132.00',2,596),(649,'$176.27',2,275),(650,'$39.60',2,424),(651,'$88.80',2,677),(652,'$333.60',2,679),(653,'$39.60',2,587),(654,'$39.60',2,584),(655,'$77.40',2,567),(656,'$79.80',2,508),(657,'$30.00',2,487),(658,'$57.60',2,890),(659,'$188.40',2,990),(660,'$19.20',2,961),(661,'$108.60',2,911),(662,'$188.40',2,996),(663,'$273.00',2,423),(664,'$1,435.20',2,327),(665,'$1,521.60',2,331),(666,'$1,859.40',2,524),(667,'$2,005.80',2,543),(668,'$2,005.80',2,533),(669,'$273.00',2,693),(670,'$273.00',2,686),(671,'$655.20',2,261),(672,'$1,110.00',2,473),(673,'$63.00',2,288),(674,'$117.00',2,592),(675,'$79.80',2,504),(676,'$1,229.40',2,372),(677,'$331.20',2,464),(678,'$77.40',2,441),(679,'$42.00',2,512),(680,'$39.60',2,583),(681,'$79.80',2,506),(682,'$912.00',2,720),(683,'$273.00',2,267),(684,'$273.00',2,409),(685,'$273.00',2,767),(686,'$376.20',2,264),(687,'$354.60',2,376),(688,'$220.80',2,497),(689,'$180.60',2,641),(690,'$180.60',2,643),(691,'$132.00',2,602),(692,'$273.00',2,779),(693,'$273.00',2,777),(694,'$84.60',2,363),(695,'$134.40',2,417),(696,'$63.00',2,410),(697,'$61.20',2,731),(698,'$108.60',2,886),(699,'$1,435.20',2,315),(700,'$1,500.00',2,317),(701,'$1,590.00',2,352),(702,'$1,590.00',2,333),(703,'$1,942.80',2,517),(704,'$273.00',2,280),(705,'$273.00',2,618),(706,'$273.00',2,684),(707,'$120.00',2,319),(708,'$273.00',2,447),(709,'$130.80',2,407),(710,'$273.00',2,793),(711,'$273.00',2,790),(712,'$157.20',2,612),(713,'$176.27',2,272),(714,'$39.60',2,426),(715,'$181.20',2,580),(716,'$134.40',2,419),(717,'$11,832.60',2,1157),(718,'$14,455.94',2,1155),(719,'$21,596.09',2,1139),(720,'$1,005.60',2,371),(721,'$191.40',2,498),(722,'$130.80',2,654),(723,'$130.80',2,657),(724,'$156.60',2,661),(725,'$156.60',2,665),(726,'$156.60',2,669),(727,'$132.00',2,597),(728,'$132.00',2,600),(729,'$157.20',2,613),(730,'$157.20',2,615),(731,'$76.20',2,291),(732,'$35.40',2,463),(733,'$144.60',2,466),(734,'$117.00',2,799),(735,'$181.20',2,581),(736,'$78.60',2,627),(737,'$191.40',2,437),(738,'$134.40',2,418),(739,'$6,387.94',2,1152),(740,'$71.40',2,697),(741,'$353.40',2,621),(742,'$4,910.76',2,1158),(743,'$22,010.59',2,1196),(744,'$3,576.60',2,1169),(745,'$14,455.94',2,1170),(746,'$12,597.32',2,1171),(747,'$13,362.04',2,1172),(748,'$3,576.60',2,17),(749,'$2,722.20',2,1248),(750,'$6,569.22',2,825),(751,'$4,183.20',2,827),(752,'$4,539.60',2,828),(753,'$2,986.50',2,821),(754,'$16,744.70',2,30),(755,'$108.60',2,848),(756,'$108.60',2,969),(757,'$134.40',2,1001),(758,'$45.00',2,511),(759,'$1,318.80',2,366),(760,'$1,769.40',2,382),(761,'$39.60',2,586),(762,'$56.40',2,716),(763,'$16.80',2,922),(764,'$9.00',2,883),(765,'$85.20',2,855),(766,'$78.60',2,901),(768,'$1,650.00',2,164),(769,'$1,588.50',2,163),(770,'$134.40',2,1004),(771,'$108.60',2,918),(772,'$1,896.00',2,151),(773,'$1,489.25',2,57),(774,'$1,723.60',2,59),(775,'$1,643.66',2,60),(777,'$133.80',2,896),(778,'$108.60',2,850),(779,'$48.00',2,938),(780,'$188.40',2,868),(781,'$160.00',2,986),(782,'$273.00',2,769),(783,'$273.00',2,709),(784,'$1,521.60',2,334),(785,'$1,590.00',2,343),(786,'$2,005.80',2,551),(787,'$2,095.80',2,529),(788,'$363.00',2,753),(789,'$655.20',2,262),(790,'$144.00',2,432),(791,'$268.20',2,421),(792,'$273.00',2,792),(793,'$191.40',2,500),(794,'$6,355.62',2,1141),(795,'$1,769.40',2,722),(796,'$2,263.80',2,717),(797,'$39.60',2,585),(798,'$61.20',2,732),(799,'$71.40',2,695),(800,'$4,321.20',2,846),(801,'$5,733.00',2,843),(802,'$90.00',2,971),(803,'$160.00',2,984),(804,'$273.00',2,766),(805,'$273.00',2,456),(806,'$9.00',2,879),(807,'$376.20',2,1000),(808,'$69.00',2,909),(809,'$188.40',2,892),(810,'$266.40',2,995),(811,'$273.00',2,483),(812,'$30.00',2,950),(813,'$108.60',2,936),(814,'$273.00',2,485),(815,'$273.00',2,253),(816,'$1,719.60',2,300),(817,'$1,942.80',2,536),(818,'$2,095.80',2,537),(819,'$2,005.80',2,539),(820,'$2,095.80',2,556),(821,'$2,005.80',2,563),(822,'$8,042.78',2,1127),(823,'$10,471.12',2,1166),(824,'$1,761.00',2,1165),(825,'$2,829.00',2,1164),(826,'$5,041.83',2,1163),(827,'$10,471.12',2,840),(828,'$273.00',2,683),(829,'$363.00',2,750),(830,'$273.00',2,690),(831,'$273.00',2,450),(832,'$61.20',2,1008),(833,'$108.60',2,939),(834,'$90.00',2,979),(835,'$2,095.80',2,541),(836,'$1,435.20',2,345),(837,'$1,719.60',2,323),(838,'$1,590.00',2,359),(839,'$1,590.00',2,332),(840,'$2,005.80',2,555),(841,'$1,912.20',2,574),(842,'$273.00',2,681),(843,'$273.00',2,784),(844,'$1,719.60',2,297),(845,'$370.20',2,740),(846,'$273.00',2,789),(847,'$130.80',2,650),(848,'$180.60',2,645),(849,'$157.20',2,607),(850,'$63.00',2,476),(851,'$615.00',2,375),(852,'$370.20',2,734),(853,'$77.40',2,633),(856,'$5,397.90',2,11),(857,'$7,753.70',2,1151),(858,'$6,757.20',2,845),(860,'$101.40',2,864),(863,'$264.00',2,415),(864,'$80.40',2,701),(865,'$80.40',2,699),(866,'$30.00',2,956),(867,'$30.00',2,837),(868,'$9.00',2,880),(869,'$190.20',2,989),(870,'$177.60',2,912),(871,'$108.60',2,915),(872,'$108.60',2,913),(873,'$108.60',2,851),(874,'$108.60',2,910),(875,'$160.00',2,981),(876,'$2,095.80',2,515),(877,'$2,095.80',2,552),(878,'$2,005.80',2,554),(879,'$1,912.20',2,571),(880,'$363.00',2,739),(881,'$363.00',2,746),(882,'$379.20',2,751),(883,'$273.00',2,361),(884,'$273.00',2,705),(885,'$98.40',2,3),(886,'$94.20',2,925),(887,'$60.00',2,967),(888,'$21.87',2,872),(889,'$9.00',2,838),(890,'$78.60',2,907),(891,'$108.60',2,916),(892,'$85.20',2,966),(893,'$4,599.30',2,1012),(894,'$16,150.76',2,1145),(895,'$1,912.20',2,459),(898,'$90.00',2,975),(899,'$160.00',2,988),(900,'$1,719.60',2,305),(901,'$273.00',2,458),(903,'$2,095.80',2,528),(904,'$1,500.00',2,338),(905,'$1,590.00',2,322),(906,'$1,590.00',2,355),(907,'$1,590.00',2,335),(908,'$1,590.00',2,342),(909,'$2,259.60',2,340),(910,'$2,095.80',2,547),(911,'$2,095.80',2,540),(912,'$2,346.00',2,578),(913,'$370.20',2,743),(914,'$363.00',2,737),(915,'$363.00',2,756),(916,'$273.00',2,282),(917,'$1,435.20',2,311),(918,'$273.00',2,774),(919,'$273.00',2,461),(920,'$202.20',2,481),(921,'$922.80',2,379),(922,'$180.60',2,638),(923,'$273.00',2,782),(924,'$40.20',2,470),(925,'$113.40',2,692),(926,'$397.80',2,369),(927,'$74.40',2,455),(928,'$134.40',2,416),(929,'$273.00',2,773),(930,'$273.00',2,795),(931,'$1,719.60',2,299),(932,'$273.00',2,257),(933,'$363.00',2,758),(934,'$156.60',2,664),(935,'$180.60',2,636),(936,'$132.00',2,594),(937,'$157.20',2,606),(938,'$191.40',2,503),(939,'$80.40',2,704),(940,'$624.60',2,279),(941,'$155.40',2,676),(942,'$39.60',2,582),(943,'$77.40',2,569),(944,'$56.40',2,713),(945,'$106.80',2,630),(950,'$78.60',2,902),(951,'$78.60',2,905),(952,'$76.20',2,871),(953,'$108.60',2,917),(954,'$108.60',2,937),(955,'$85.20',2,894),(956,'$273.00',2,772),(957,'$1,435.20',2,351),(958,'$1,521.60',2,321),(959,'$1,859.40',2,514),(960,'$2,095.80',2,525),(961,'$2,095.80',2,562),(962,'$2,005.80',2,535),(963,'$2,013.00',2,576),(964,'$273.00',2,706),(965,'$285.00',2,495),(966,'$273.00',2,685),(967,'$1,521.60',2,293),(968,'$273.00',2,442),(969,'$273.00',2,443),(970,'$273.00',2,796),(971,'$1,719.60',2,309),(972,'$130.80',2,648),(973,'$156.60',2,660),(974,'$30.00',2,491),(975,'$63.00',2,287),(976,'$84.60',2,365),(977,'$81.00',2,429),(978,'$331.20',2,465),(979,'$77.40',2,439),(980,'$387.00',2,745),(981,'$63.00',2,453),(982,'$30.00',2,489),(990,'$2,887.20',2,61),(991,'$39.60',2,804),(992,'$3,776.45',3,389),(993,'$87.60',3,391),(994,'$144.60',3,392),(995,'$40.20',3,395),(996,'$202.20',3,401),(997,'$622.04',3,388),(998,'$376.20',3,266),(999,'$480.30',3,398),(1000,'$824.66',3,386),(1001,'$131,810.66',3,41),(1003,'$13,911.61',3,1176),(1005,'$20,939.21',3,1015),(1006,'$38,803.62',3,45),(1007,'$21,346.72',3,1239),(1008,'$5,457.34',3,1242),(1009,'$15,427.72',3,48),(1010,'$12,585.17',3,47),(1011,'$11,920.41',3,49),(1012,'$1,681.77',3,1066),(1013,'$7,154.15',3,1244),(1014,'$5,838.72',3,1243),(1015,'$4,687.74',3,1245),(1016,'$9.89',3,4),(1017,'$159.86',3,987),(1018,'$159.86',3,980),(1019,'$275.20',3,771),(1020,'$1,500.00',3,348),(1021,'$1,521.60',3,341),(1022,'$1,521.60',3,330),(1023,'$273.00',3,492),(1024,'$1,719.60',3,298),(1025,'$120.00',3,318),(1026,'$1,215.08',3,694),(1027,'$250.20',3,462),(1028,'$130.80',3,649),(1029,'$220.80',3,496),(1030,'$130.80',3,651),(1031,'$85.20',3,893),(1032,'$273.00',3,422),(1033,'$1,500.00',3,328),(1034,'$1,521.60',3,320),(1035,'$1,859.40',3,523),(1036,'$2,005.80',3,557),(1037,'$273.00',3,360),(1038,'$923.40',3,445),(1039,'$3,612.00',3,579),(1040,'$1,110.00',3,472),(1041,'$15.00',3,344),(1042,'$1,719.60',3,306),(1043,'$1,005.60',3,370),(1044,'$180.60',3,635),(1045,'$41.43',3,589),(1046,'$30.02',3,490),(1047,'$45.00',3,510),(1048,'$61.20',3,729),(1049,'$455.40',3,70),(1050,'$113.40',3,691),(1051,'$1,839.17',3,381),(1052,'$3,625.80',3,622),(1053,'$130.80',3,653),(1054,'$156.60',3,667),(1055,'$132.00',3,595),(1056,'$132.00',3,599),(1057,'$273.00',3,781),(1058,'$122.40',3,283),(1059,'$353.40',3,260),(1060,'$170.60',3,274),(1061,'$63.00',3,286),(1062,'$40.20',3,468),(1063,'$438.00',3,477),(1064,'$4,892.40',3,814),(1065,'$780.00',3,1174),(1066,'$199.80',3,268),(1067,'$615.00',3,374),(1068,'$312.60',3,166),(1069,'$624.60',3,278),(1070,'$191.40',3,436),(1071,'$799.80',3,1240),(1072,'$91.80',3,475),(1073,'$54.00',3,765),(1074,'$63.00',3,452),(1075,'$85.80',3,728),(1076,'$911.12',3,719),(1077,'$87.60',3,414),(1078,'$206.40',3,565),(1079,'$64.94',3,626),(1080,'$61.20',3,730),(1081,'$30.02',3,957),(1082,'$9.89',3,884),(1083,'$376.20',3,999),(1084,'$63.00',3,413),(1085,'$4,683.00',3,250),(1086,'$273.00',3,788),(1087,'$273.00',3,791),(1088,'$130.80',3,647),(1089,'$132.00',3,604),(1090,'$157.20',3,611),(1091,'$191.40',3,502),(1092,'$555.60',3,66),(1093,'$77.40',3,566),(1094,'$85.80',3,725),(1095,'$30.02',3,486),(1096,'$61.20',3,1007),(1097,'$6,868.01',3,1142),(1098,'$9,081.15',3,169),(1099,'$13,227.64',3,1103),(1100,'$90.00',3,976),(1101,'$278.46',3,708),(1102,'$1,521.60',3,358),(1103,'$2,005.80',3,538),(1104,'$2,005.80',3,553),(1105,'$2,005.80',3,561),(1106,'$273.00',3,682),(1107,'$363.00',3,747),(1108,'$273.00',3,494),(1109,'$1,435.20',3,310),(1110,'$281.53',3,688),(1111,'$268.20',3,420),(1112,'$2,013.60',3,811),(1113,'$18.00',3,711),(1114,'$132.00',3,601),(1115,'$106.20',3,673),(1116,'$41.43',3,591),(1117,'$170.60',3,277),(1118,'$84.60',3,362),(1119,'$780.00',3,1173),(1120,'$799.80',3,12),(1121,'$77.40',3,440),(1122,'$56.40',3,715),(1123,'$353.40',3,620),(1124,'$399.60',3,632),(1125,'$57.60',3,889),(1126,'$30.02',3,955),(1127,'$85.20',3,853),(1128,'$85.20',3,857),(1129,'$9.89',3,882),(1130,'$30.00',3,875),(1131,'$188.40',3,931),(1132,'$94.20',3,924),(1133,'$101.40',3,865),(1134,'$85.20',3,859),(1135,'$9.89',3,835),(1136,'$188.40',3,891),(1137,'$266.40',3,994),(1138,'$30.02',3,949),(1139,'$90.00',3,978),(1140,'$159.86',3,982),(1141,'$1,859.40',3,513),(1142,'$363.00',3,738),(1143,'$363.00',3,755),(1144,'$273.00',3,281),(1145,'$1,719.60',3,296),(1146,'$1,719.60',3,308),(1147,'$363.00',3,757),(1148,'$1,251.60',3,380),(1149,'$130.80',3,406),(1150,'$18.00',3,712),(1151,'$273.00',3,786),(1152,'$188.40',3,929),(1153,'$85.20',3,854),(1154,'$188.40',3,928),(1155,'$159.86',3,983),(1156,'$273.00',3,768),(1157,'$290.61',3,482),(1158,'$278.96',3,449),(1159,'$1,719.60',3,303),(1160,'$2,005.80',3,527),(1161,'$2,005.80',3,550),(1162,'$376.20',3,265),(1163,'$130.80',3,656),(1164,'$130.80',3,658),(1165,'$106.20',3,672),(1166,'$273.00',3,776),(1167,'$188.40',3,930),(1168,'$116.40',3,946),(1169,'$85.20',3,861),(1170,'$30.00',3,2),(1171,'$9.89',3,5),(1172,'$134.40',3,1003),(1173,'$85.20',3,965),(1174,'$188.40',3,867),(1175,'$90.00',3,974),(1176,'$159.86',3,985),(1177,'$1,719.60',3,304),(1178,'$289.06',3,457),(1179,'$273.00',3,252),(1180,'$1,435.20',3,313),(1181,'$370.20',3,744),(1182,'$69.60',3,271),(1183,'$54.00',3,764),(1184,'$77.40',3,568),(1185,'$363.00',3,749),(1186,'$85.80',3,726),(1187,'$88.19',3,629),(1188,'$202.20',3,480),(1189,'$2,013.60',3,812),(1190,'$156.60',3,663),(1191,'$157.20',3,610),(1192,'$156.60',3,659),(1193,'$106.20',3,671),(1194,'$273.00',3,780),(1195,'$69.26',3,454),(1196,'$54.00',3,761),(1197,'$155.40',3,675),(1198,'$23,650.83',3,1195),(1199,'$20,048.28',3,1196),(1200,'$9,948.80',3,1153),(1201,'$10,276.75',3,1170),(1202,'$10,759.28',3,1171),(1203,'$11,576.03',3,1172),(1204,'$11,990.15',3,17),(1205,'$11,583.26',3,18),(1206,'$4,248.56',3,1248),(1207,'$7,928.25',3,827),(1208,'$8,166.17',3,828),(1209,'$11,747.06',3,829),(1210,'$11,585.15',3,1161),(1211,'$7,794.31',3,1154),(1212,'$6,872.09',3,1178),(1213,'$11,287.72',3,167),(1214,'$8,994.29',3,25),(1215,'$15,861.01',3,30),(1216,'$188.40',3,927),(1217,'$85.20',3,832),(1218,'$61.80',3,920),(1219,'$188.40',3,866),(1220,'$19.33',3,964),(1221,'$116.40',3,948),(1222,'$188.40',3,997),(1223,'$2,005.80',3,534),(1224,'$2,005.80',3,520),(1225,'$273.00',3,689),(1226,'$278.46',3,707),(1227,'$5,404.61',3,1146),(1228,'$4,801.92',3,1140),(1229,'$4,469.53',3,164),(1230,'$4,371.75',3,163),(1231,'$19.33',3,962),(1232,'$90.00',3,970),(1233,'$1,435.20',3,326),(1234,'$1,435.20',3,350),(1235,'$2,063.11',3,560),(1236,'$1,912.20',3,573),(1237,'$1,912.20',3,570),(1238,'$363.00',3,736),(1239,'$2,701.39',3,471),(1240,'$138.60',3,431),(1241,'$156.60',3,662),(1242,'$180.60',3,640),(1243,'$157.20',3,616),(1244,'$63.00',3,289),(1245,'$88.19',3,631),(1246,'$79.80',3,505),(1247,'$380.40',3,368),(1248,'$54.00',3,762),(1249,'$799.80',3,67),(1250,'$333.60',3,680),(1251,'$13,906.42',3,847),(1252,'$1,670.55',3,155),(1253,'$3,315.14',3,151),(1254,'$2,716.04',3,57),(1255,'$2,768.45',3,59),(1256,'$3,969.13',3,60),(1258,'$120.00',3,935),(1259,'$101.40',3,863),(1260,'$19.33',3,960),(1261,'$30.00',3,836),(1262,'$9.89',3,878),(1263,'$116.40',3,941),(1264,'$14,763.75',3,846),(1265,'$12,311.06',3,843),(1266,'$8,546.53',3,1127),(1267,'$6,876.24',3,1164),(1268,'$11,680.88',3,840),(1269,'$11,552.65',3,841),(1270,'$76.20',3,870),(1271,'$6,850.82',3,55),(1272,'$4,965.23',3,27),(1274,'$11,901.36',3,1151),(1275,'$188.40',3,991),(1276,'$90.00',3,973),(1277,'$33.00',3,977),(1278,'$274.45',3,254),(1279,'$1,719.60',3,324),(1280,'$2,259.60',3,339),(1281,'$1,912.20',3,575),(1282,'$370.20',3,760),(1283,'$273.00',3,794),(1284,'$1,719.60',3,295),(1285,'$273.00',3,256),(1286,'$353.40',3,255),(1287,'$656.40',3,259),(1288,'$2,013.60',3,813),(1289,'$180.60',3,642),(1290,'$180.60',3,637),(1291,'$157.20',3,605),(1292,'$41.43',3,590),(1293,'$170.60',3,273),(1294,'$2,263.80',3,718),(1295,'$799.80',3,1024),(1296,'$41.43',3,678),(1297,'$63.00',3,411),(1298,'$79.80',3,507),(1299,'$79.80',3,509),(1300,'$12,457.58',3,1241),(1301,'$16,119.78',3,1194),(1302,'$188.40',3,993),(1303,'$188.40',3,869),(1304,'$273.00',3,783),(1305,'$1,435.20',3,346),(1306,'$1,521.60',3,353),(1307,'$1,719.60',3,301),(1308,'$2,005.80',3,546),(1309,'$2,005.80',3,544),(1310,'$2,005.80',3,564),(1311,'$2,005.80',3,531),(1312,'$2,346.00',3,577),(1313,'$370.20',3,752),(1314,'$3,375.30',3,624),(1315,'$273.00',3,787),(1316,'$191.40',3,501),(1317,'$156.60',3,666),(1318,'$180.60',3,644),(1319,'$132.00',3,598),(1320,'$157.20',3,608),(1321,'$84.60',3,364),(1322,'$80.35',3,703),(1323,'$3,375.30',3,623),(1324,'$1,229.40',3,373),(1325,'$77.40',3,438),(1326,'$64.94',3,628),(1327,'$54.00',3,763),(1328,'$799.80',3,31),(1329,'$799.80',3,1023),(1330,'$71.40',3,696),(1331,'$71.40',3,698),(1332,'$85.80',3,727),(1336,'$13,746.85',3,1012),(1337,'$134.40',3,1002),(1338,'$58.20',3,968),(1339,'$22.15',3,873),(1340,'$73.20',3,888),(1341,'$9.89',3,881),(1342,'$188.40',3,926),(1343,'$2,010.00',3,474),(1344,'$2,005.80',3,549),(1345,'$370.20',3,742),(1346,'$363.00',3,754),(1347,'$273.00',3,619),(1348,'$30.02',3,488),(1349,'$354.60',3,377),(1350,'$55.20',3,617),(1351,'$1,888.80',3,258),(1352,'$191.40',3,499),(1354,'$5,478.11',3,1275),(1355,'$5,318.46',3,1276),(1356,'$156.60',3,670),(1357,'$157.20',3,614),(1358,'$106.20',3,674),(1359,'$41.43',3,588),(1360,'$399.60',3,634),(1361,'$455.40',3,292),(1362,'$312.60',3,26),(1363,'$1,839.17',3,723),(1364,'$162.00',3,434),(1365,'$162.00',3,435),(1366,'$370.20',3,735),(1367,'$528.00',3,721),(1368,'$61.20',3,733),(1369,'$3,754.97',3,78),(1370,'$132.60',3,942),(1371,'$9.89',3,834),(1372,'$26.40',3,1006),(1373,'$100.20',3,944),(1374,'$1,859.40',3,522),(1375,'$922.80',3,378),(1376,'$528.00',3,724),(1377,'$371.78',3,741),(1378,'$180.60',3,646),(1379,'$132.00',3,593),(1380,'$273.00',3,778),(1381,'$144.60',3,467),(1382,'$3,625.80',3,625),(1383,'$1,318.80',3,367),(1384,'$76.20',3,290),(1385,'$69.26',3,797),(1386,'$162.00',3,1091),(1387,'$133.80',3,897),(1388,'$30.00',3,877),(1389,'$30.02',3,952),(1393,'$80.35',3,702),(1394,'$80.35',3,700),(1395,'$56.40',3,714),(1397,'$1,548.00',3,1177),(1399,'$30.02',3,954),(1404,'$2,330.93',3,61),(1405,'$2,843.57',3,56),(1406,'$82.24',3,804),(1407,'$85.49',3,10);
/*!40000 ALTER TABLE `standard_charge` ENABLE KEYS */;
UNLOCK TABLES;

--
-- Table structure for table `user`
--

DROP TABLE IF EXISTS `user`;
/*!40101 SET @saved_cs_client     = @@character_set_client */;
/*!50503 SET character_set_client = utf8mb4 */;
CREATE TABLE `user` (
  `id` int NOT NULL AUTO_INCREMENT,
  `email` varchar(50) DEFAULT NULL,
  `first_name` varchar(50) DEFAULT NULL,
  `last_name` varchar(50) DEFAULT NULL,
  PRIMARY KEY (`id`)
) ENGINE=InnoDB AUTO_INCREMENT=2 DEFAULT CHARSET=utf8mb4 COLLATE=utf8mb4_0900_ai_ci;
/*!40101 SET character_set_client = @saved_cs_client */;

--
-- Dumping data for table `user`
--

LOCK TABLES `user` WRITE;
/*!40000 ALTER TABLE `user` DISABLE KEYS */;
INSERT INTO `user` VALUES (1,'priebemb@gmail.com','Matthew','Priebe');
/*!40000 ALTER TABLE `user` ENABLE KEYS */;
UNLOCK TABLES;
/*!40103 SET TIME_ZONE=@OLD_TIME_ZONE */;

/*!40101 SET SQL_MODE=@OLD_SQL_MODE */;
/*!40014 SET FOREIGN_KEY_CHECKS=@OLD_FOREIGN_KEY_CHECKS */;
/*!40014 SET UNIQUE_CHECKS=@OLD_UNIQUE_CHECKS */;
/*!40101 SET CHARACTER_SET_CLIENT=@OLD_CHARACTER_SET_CLIENT */;
/*!40101 SET CHARACTER_SET_RESULTS=@OLD_CHARACTER_SET_RESULTS */;
/*!40101 SET COLLATION_CONNECTION=@OLD_COLLATION_CONNECTION */;
/*!40111 SET SQL_NOTES=@OLD_SQL_NOTES */;

-- Dump completed on 2021-12-14 23:30:10
