delete from `procedure_category`;
delete from `standard_charge`;
delete from `procedure`;
delete from `hospital`;

INSERT INTO `hospital` (`id`, `entity_cd`, `hospital_name`) VALUES (1,'SSM-MCH','Monroe Clinic');

INSERT INTO `procedure_category` (`id`, `rev_code`, `rev_desc`) VALUES (1,'1',''),(2,'0260','IV Therapy - General classification'),(3,'0270','Medical/Surgical Supplies and Devices - General Classification'),(4,'0280','Oncology - General Classification'),(5,'0300','Laboratory - General Classification'),(6,'0301','Laboratory - Chemistry'),(7,'0302','Laboratory - Immunologu'),(8,'0305','Laboratory - Hematology'),(9,'0306','Laboratory - Bacteriology and Microbiology'),(10,'0307','Laboratory - Urology'),(11,'0320','Radiology - Diagnostic - General Classification'),(12,'0322','Radiology - Diagnostic - Arthography'),(13,'0323','Radiology - Diagnostic - Arteriography'),(14,'0329','Radiology - Diagnostic - Other'),(15,'0340','Nuclear Medicine - General Classification'),(16,'0341','Nuclear Medicine - Diagnostic'),(17,'0350','CT Scan - General Classification'),(18,'0351','CT Scan - Head Scan'),(19,'0352','CT Scan - Body Scan'),(20,'0359','CT Scan - Other CT Scans'),(21,'0391','Blood Storage and Processing - Blood Administration'),(22,'0400','Other Imaging Services - General classification'),(23,'0401','Other Imaging Services - Diagnostic Mammography'),(24,'0402','Other Imaging Services - Ultrasound'),(25,'0403','Other Imaging Services - Screening Mammography'),(26,'0404','Other Imaging Services - Positron Emmission Tomography'),(27,'0410','Respiratory Services - General Classification'),(28,'0420','Physical Therapy - General classification'),(29,'0424','Physical Therapy - Evaluation or Re-evaluation'),(30,'0430','Occupational Therapy - General classification'),(31,'0434','Occupational Therapy - Evaluation or Re-evaluation'),(32,'0440','Speech-Language Pathology Therapy - General classification'),(33,'0444','Speech-Language Pathology Therapy - Evaluation or Re-evaluation'),(34,'0450','Emergency Room - General Classification'),(35,'0456','Urgent Care'),(36,'0471','Audiology - Diagnostic'),(37,'0480','Cardiology - General Classification'),(38,'0482','Cardiology - Stress Test'),(39,'0483','Echocardiology'),(40,'0510','Clinic - General Classification'),(41,'0610',''),(42,'0610','MRI - General Classification'),(43,'0611','MRI - Brain (including Brainstem)'),(44,'0612','MRI - Spinal Cord (including Spine)'),(45,'0614','MRI - Other'),(46,'0615','MRI - MRA Head and Neck'),(47,'0636','Drugs Identification - Drugs Requiring Detailed Coding'),(48,'0730','EKG/ECG - General Classification'),(49,'0731','EKG/ECG - Holter monitor'),(50,'0732','EKG/ECG - Telemetry'),(51,'0749','EEG - Other'),(52,'0761','Treatment/Observation Room - Treatment Room'),(53,'0771','Vaccine Administration'),(54,'0920','Other Diagnostic Services - General Classification'),(55,'0921','Other Diagnostic Services - Peripheral Vascular Lab'),(56,'0940','Other Therapeutic Services - General Classification'),(57,'0943','Other Therapeutic Services - Cardiac Rehabilitation'),(58,'0948','Other Therapeutic Services - Other');

INSERT INTO `procedure` (`id`, `code`, `code_type`, `code_desc`, `procedure_catagory_id`) VALUES (1,'0191T','HCPCS','Insert ant segment drain int',1),(2,'19120','HCPCS','Removal of breast lesion',1),(3,'19125','HCPCS','Excision breast lesion',1),(4,'19301','HCPCS','Partial mastectomy',1),(5,'19307','HCPCS','Mast mod rad',1),(6,'20610-0320','Hospital Charge Master','ARTHROCENTESIS ASPIR&/INJ MAJOR JT/BURSA W/O US',11),(7,'20610-0510','Hospital Charge Master','ARTHROCENTESIS ASPIR&/INJ MAJOR JT/BURSA W/O US',40),(8,'216','MS-DRG','Cardiac valve & oth maj cardiothoracic proc w card cath w MCC',1),(9,'23410','HCPCS','Repair rotator cuff acute',1),(10,'23412','HCPCS','Repair rotator cuff chronic',1),(11,'25111','HCPCS','Remove wrist tendon lesion',1),(12,'27096-0359','Hospital Charge Master','INJECT SI JOINT ARTHRGRPHY&/ANES/STEROID W/IMAGE',20),(13,'27096-0761','Hospital Charge Master','INJECT SI JOINT ARTHRGRPHY&/ANES/STEROID W/IMAGE',52),(14,'27130','HCPCS','Total hip arthroplasty',1),(15,'27447','HCPCS','Total knee arthroplasty',1),(16,'28285','HCPCS','Repair of hammertoe',1),(17,'28296','HCPCS','Correction hallux valgus',1),(18,'29826','HCPCS','Shoulder arthroscopy/surgery',1),(19,'29827','HCPCS','Arthroscop rotator cuff repr',1),(20,'29877','HCPCS','Knee arthroscopy/surgery',1),(21,'29880','HCPCS','Knee arthroscopy/surgery',1),(22,'29881','HCPCS','Knee arthroscopy/surgery',1),(23,'29888','HCPCS','Knee arthroscopy/surgery',1),(24,'30140','HCPCS','Resect inferior turbinate',1),(25,'3030236','Hospital Charge Master','HB SUPERVISED EXERCISE THERAPY FOR PERIPHERAL ARTERY DISEASE WIT',37),(26,'3030239','Hospital Charge Master','HB OTH RESP PROC, GROUP',27),(27,'3030424','Hospital Charge Master','HB PULMONARY REHAB W EXER',58),(28,'3032000','Hospital Charge Master','HB C R II REGULAR SESSION',57),(29,'3032010','Hospital Charge Master','HB C R III INITIAL SESSION',57),(30,'3033797','Hospital Charge Master','HB CARDIAC REHAB NON-ECG MONITORED SESSION',57),(31,'30520','HCPCS','Repair of nasal septum',1),(32,'30930','HCPCS','Ther fx nasal inf turbinate',1),(33,'3110471','Hospital Charge Master','HB IMMUN ADMIN - 1ST VACCINE',53),(34,'3112911','Hospital Charge Master','HB INJECTION ANTIBIOTIC',54),(35,'3112912-0260','Hospital Charge Master','HB INJECTION IV',2),(36,'3112912-0920','Hospital Charge Master','HB INJECTION IV',54),(37,'3112912-0940','Hospital Charge Master','HB INJECTION IV',56),(38,'3112913-0260','Hospital Charge Master','HB IV PUSH SGL OR INITIAL DRUG',2),(39,'3112913-0940','Hospital Charge Master','HB IV PUSH SGL OR INITIAL DRUG',56),(40,'3115137','Hospital Charge Master','HB IV PIGGYBACK INITIAL HR',2),(41,'3116365','Hospital Charge Master','HB IV TX/DX INFUSION TO 1 HR',2),(42,'3119099-0761','Hospital Charge Master','HB WOUND VAC',52),(43,'31253','HCPCS','Nsl/sins ndsc total',1),(44,'31254','HCPCS','Nsl/sins ndsc w/prtl ethmdct',1),(45,'31255','HCPCS','Nsl/sins ndsc w/tot ethmdct',1),(46,'31256','HCPCS','Exploration maxillary sinus',1),(47,'31259','HCPCS','Nsl/sins ndsc sphn tiss rmvl',1),(48,'31267','HCPCS','Endoscopy maxillary sinus',1),(49,'31623','HCPCS','Dx bronchoscope/brush',1),(50,'31624','HCPCS','Dx bronchoscope/lavage',1),(51,'31625','HCPCS','Bronchoscopy w/biopsy(s)',1),(52,'31628','HCPCS','Bronchoscopy/lung bx each',1),(53,'3263034','Hospital Charge Master','HB THERAPEUTIC INJECTION IM/SQ',54),(54,'329','MS-DRG','Major small & large bowel procedures w MCC',1),(55,'330','MS-DRG','Major small & large bowel procedures w CC',1),(56,'3306372','Hospital Charge Master','HB THERAPEUTIC INJECTION IM/SQ',56),(57,'331','MS-DRG','Major small & large bowel procedures w/o CC/MCC',1),(58,'33285','HCPCS','Insj subq car rhythm mntr',1),(59,'3330113','Hospital Charge Master','HB NEWBORN HEARING SCREEN',36),(60,'3400025','Hospital Charge Master','HB INSERT PICC W/US',34),(61,'3405088-0450','Hospital Charge Master','HB ARTHROCENTESIS ASPIR&/INJ MAJOR JT/BURSA W/O US',34),(62,'3405088-0456','Hospital Charge Master','HB ARTHROCENTESIS ASPIR&/INJ MAJOR JT/BURSA W/O US',35),(63,'3405144-0450','Hospital Charge Master','HB ARTHROCENTESIS ASPIR&/INJ MAJOR JT/BURSA W/O US',34),(64,'3405144-0456','Hospital Charge Master','HB ARTHROCENTESIS ASPIR&/INJ MAJOR JT/BURSA W/O US',35),(65,'3405393-0456','Hospital Charge Master','HB IMMUN ADMIN - 1ST VACCINE',35),(66,'3405393-0771','Hospital Charge Master','HB IMMUN ADMIN - 1ST VACCINE',53),(67,'3470011-0260','Hospital Charge Master','IV INF TX/PROPHYL/DX INIT TO 1HR',2),(68,'3470011-0761','Hospital Charge Master','IV INF TX/PROPHYL/DX INIT TO 1HR',52),(69,'3490010-0749','Hospital Charge Master','HB POLYSOMNOGRAPH 3 ADDL PARAMETERS',51),(70,'3490010-0920','Hospital Charge Master','HB POLYSOMNOGRAPH 3 ADDL PARAMETERS',54),(71,'3490011','Hospital Charge Master','HB POLYSOMNOGRAPH 1ST HALF 3 ADDL PARAMETERS',54),(72,'3490031-0410','Hospital Charge Master','HB NPSG/CPAP 1ST HALF 4 ADDL PARAMETERS',27),(73,'3490031-0410-52','Hospital Charge Master','HB NPSG/CPAP 1ST HALF 4 ADDL PARAMETERS',27),(74,'3490032-0410','Hospital Charge Master','HB NPSG/CPAP 2ND HALF 4 ADDL PARAMETERS',27),(75,'3490032-0410-52','Hospital Charge Master','HB NPSG/CPAP 2ND HALF 4 ADDL PARAMETERS',27),(76,'3490032-0920','Hospital Charge Master','HB NPSG/CPAP 2ND HALF 4 ADDL PARAMETERS',54),(77,'3490032-0920-52','Hospital Charge Master','HB NPSG/CPAP 2ND HALF 4 ADDL PARAMETERS',54),(78,'3490033-0410','Hospital Charge Master','HB NPSG/CPAP 4 ADDL PARAMETERS',27),(79,'3490033-0920','Hospital Charge Master','HB NPSG/CPAP 4 ADDL PARAMETERS',54),(80,'3495810','Hospital Charge Master','HB POLYSOMNOGRAPH 2ND HALF 3 ADDL PARAMETERS',54),(81,'3540003','Hospital Charge Master','HB EKG',48),(82,'3550220','Hospital Charge Master','HB CARDIOLITE STRESS TEST',38),(83,'3550221','Hospital Charge Master','HB STRESS TREADMILL',38),(84,'3550222','Hospital Charge Master','HB CHEMICAL STRESS TEST',38),(85,'3559366','Hospital Charge Master','HB TILT TABLE',37),(86,'36430-0280','Hospital Charge Master','BLOOD TRANSFUSION SERVICE',4),(87,'36430-0300','Hospital Charge Master','BLOOD TRANSFUSION SERVICE',5),(88,'36430-0391','Hospital Charge Master','BLOOD TRANSFUSION SERVICE',21),(89,'36430-0450','Hospital Charge Master','BLOOD TRANSFUSION SERVICE',34),(90,'37224-0329','Hospital Charge Master','FEM/POPL REVAS W/TLA',14),(91,'37224-0480','Hospital Charge Master','FEM/POPL REVAS W/TLA',37),(92,'3731020','Hospital Charge Master','HB THPX EXERCISE 15 MIN',28),(93,'3731024','Hospital Charge Master','HB THPX EXERC 15 MIN MOD59',28),(94,'3731039','Hospital Charge Master','HB THERAPEUTIC ACTIVIT 15MIN',28),(95,'3731040','Hospital Charge Master','HB GAIT TRAINING 15 MN 97116',28),(96,'3731042','Hospital Charge Master','HB GAIT TRAINING 15 MN MOD59',28),(97,'3731071','Hospital Charge Master','HB TRANSFER TRAINING 15 MIN',28),(98,'3731072','Hospital Charge Master','HB NEUROMUSC REEDUC OF MVMNT',28),(99,'3731074','Hospital Charge Master','HB MANUAL THERAPY (PT)',28),(100,'3735061','Hospital Charge Master','HB PT SCHOOLS 1/4 HOUR',28),(101,'3737161','Hospital Charge Master','HB PHYSICAL THERAPY EVALUATION LOW COMPLEX 20 MINS',29),(102,'3737162','Hospital Charge Master','HB PHYSICAL THERAPY EVALUATION MOD COMPLEX 30 MINS',29),(103,'3737163','Hospital Charge Master','HB PHYSICAL THERAPY EVALUATION HIGH COMPLEX 45 MINS',29),(104,'3739711','Hospital Charge Master','HB AQUATIC THERAPY/EXERCISES',28),(105,'3739715','Hospital Charge Master','HB PT GROUP THERAPY',28),(106,'3761013','Hospital Charge Master','HB OT THPY ADL 15M MOD59',30),(107,'3761018','Hospital Charge Master','HB MANUAL THERAPY (OT)',30),(108,'3761021','Hospital Charge Master','HB OT THERAPY ADL 15 MIN',30),(109,'3761022','Hospital Charge Master','HB OT THERAPEUTIC ACT 15MIN',30),(110,'3761039','Hospital Charge Master','HB OT THERAPEUTIC EX 15MIN',30),(111,'3761042','Hospital Charge Master','HB OT TERAP EX 15M MOD59',30),(112,'3761044','Hospital Charge Master','HB BTE EXERCISE',30),(113,'3761203','Hospital Charge Master','HB OT THERAP INTER FOCUS ON COGN FUNC & COMPNSTRY STRATG TO MNG',30),(114,'3767165','Hospital Charge Master','HB OCCUPATIONAL THERAPY EVAL LOW COMPLEX 30 MINS',31),(115,'3767166','Hospital Charge Master','HB OCCUPATIONAL THERAPY EVAL MOD COMPLEX 45 MINS',31),(116,'3767167','Hospital Charge Master','HB OCCUPATIONAL THERAPY EVAL HIGH COMPLEX 60 MINS',31),(117,'3769525','Hospital Charge Master','HB NEUROMUSCULAR REEDUCATION',30),(118,'38500','HCPCS','Biopsy/removal lymph nodes',1),(119,'38510','HCPCS','Biopsy/removal lymph nodes',1),(120,'38525','HCPCS','Biopsy/removal lymph nodes',1),(121,'4101752-0350','Hospital Charge Master','HB RENAL PERCUTANEOUS BX',17),(122,'4101781-0761','Hospital Charge Master','HB BIOPSY-LYMPH NODE',52),(123,'4109397','Hospital Charge Master','HB US DOPPLER COMPLETE (TESTICULAR/OVARARIAN)',54),(124,'42820','HCPCS','Remove tonsils and adenoids',1),(125,'42821','HCPCS','Remove tonsils and adenoids',1),(126,'42825','HCPCS','Removal of tonsils',1),(127,'42826','HCPCS','Removal of tonsils',1),(128,'43235','HCPCS','Egd diagnostic brush wash',1),(129,'43239','HCPCS','Egd biopsy single/multiple',1),(130,'45330','HCPCS','Diagnostic sigmoidoscopy',1),(131,'45378','HCPCS','Diagnostic colonoscopy',1),(132,'45380','HCPCS','Colonoscopy and biopsy',1),(133,'45385','HCPCS','Colonoscopy w/lesion removal',1),(134,'45391','HCPCS','Colonoscopy w/endoscope us',1),(135,'460','MS-DRG','Spinal fusion except cervical w/o MCC',1),(136,'469','MS-DRG','Major joint replacement or reattachment of lower extremity w MCC',1),(137,'470','MS-DRG','Major joint replacement or reattachment of lower extremity w/o MCC',1),(138,'473','MS-DRG','Cervical spinal fusion w/o CC/MCC',1),(139,'47562','HCPCS','Laparoscopic cholecystectomy',1),(140,'49505','HCPCS','Prp i/hern init reduc >5 yr',1),(141,'49507','HCPCS','Prp i/hern init block >5 yr',1),(142,'49520','HCPCS','Rerepair ing hernia reduce',1),(143,'49560','HCPCS','Rpr ventral hern init reduc',1),(144,'49561','HCPCS','Rpr ventral hern init block',1),(145,'49565','HCPCS','Rerepair ventrl hern reduce',1),(146,'49585','HCPCS','Rpr umbil hern reduc > 5 yr',1),(147,'49587','HCPCS','Rpr umbil hern block > 5 yr',1),(148,'49650','HCPCS','Lap ing hernia repair init',1),(149,'49653','HCPCS','Lap vent/abd hern proc comp',1),(150,'49655','HCPCS','Lap inc hern repair comp',1),(151,'52000-0402','Hospital Charge Master','CYSTOSCOPY',24),(152,'52000-0510','Hospital Charge Master','CYSTOSCOPY',40),(153,'52000-0761','Hospital Charge Master','CYSTOSCOPY',52),(154,'52601','HCPCS','Prostatectomy (turp)',1),(155,'54161','HCPCS','Circum 28 days or older',1),(156,'55700','HCPCS','Biopsy of prostate',1),(157,'55866','HCPCS','Laparo radical prostatectomy',1),(158,'58552','HCPCS','Laparo-vag hyst incl t/o',1),(159,'58571','HCPCS','Tlh w/t/o 250 g or less',1),(160,'59400','HCPCS','Obstetrical care',1),(161,'59510','HCPCS','Cesarean delivery',1),(162,'59610','HCPCS','Vbac delivery',1),(163,'62322','HCPCS','Njx interlaminar lmbr/sac',1),(164,'62323-0320','Hospital Charge Master','NJX DX/THER SBST INTRLMNR LMBR/SAC W/IMG GDN',11),(165,'64721','HCPCS','Carpal tunnel surgery',1),(166,'66821','HCPCS','After cataract laser surgery',1),(167,'66982','HCPCS','Xcapsl ctrc rmvl cplx wo ecp',1),(168,'66984','HCPCS','Xcapsl ctrc rmvl w/o ecp',1),(169,'69436','HCPCS','Create eardrum opening',1),(170,'70030-0320','Hospital Charge Master','X-RAY EYE FOR FOREIGN BODY',11),(171,'70030-0320-50','Hospital Charge Master','X-RAY EYE FOR FOREIGN BODY',11),(172,'70450-0350','Hospital Charge Master','CT HEAD W/O IV CONTR',17),(173,'70450-0350-TC','Hospital Charge Master','CT HEAD W/O IV CONTR',17),(174,'70450-0351','Hospital Charge Master','CT HEAD W/O IV CONTR',18),(175,'70450-0351-TC','Hospital Charge Master','CT HEAD W/O IV CONTR',18),(176,'70470-0350','Hospital Charge Master','CT HEAD W/O & W IV CONT',17),(177,'70470-0350-TC','Hospital Charge Master','CT HEAD W/O & W IV CONT',17),(178,'70470-0351','Hospital Charge Master','CT HEAD W/O & W IV CONT',18),(179,'70470-0351-TC','Hospital Charge Master','CT HEAD W/O & W IV CONT',18),(180,'70480-0350','Hospital Charge Master','CT ORBIT, SELLA,POST FOSSA, OR EAR W/O IV CONT',17),(181,'70480-0350-TC','Hospital Charge Master','CT ORBIT, SELLA,POST FOSSA, OR EAR W/O IV CONT',17),(182,'70480-0351','Hospital Charge Master','CT ORBIT, SELLA,POST FOSSA, OR EAR W/O IV CONT',18),(183,'70480-0351-TC','Hospital Charge Master','CT ORBIT, SELLA,POST FOSSA, OR EAR W/O IV CONT',18),(184,'70486-0350','Hospital Charge Master','CT MAXILLOFACIAL W/O DYE',17),(185,'70486-0510','Hospital Charge Master','CT MAXILLOFACIAL W/O DYE',40),(186,'704860-0350','Hospital Charge Master','CT MANDIBLE LTD',17),(187,'704860-0350-52','Hospital Charge Master','CT MANDIBLE LTD',17),(188,'704860-0350-52-TC','Hospital Charge Master','CT MANDIBLE LTD',17),(189,'704860-0350-PC','Hospital Charge Master','CT MANDIBLE LTD',17),(190,'70491-0350','Hospital Charge Master','CT SOFT TISSUE NECK W IV CONT',17),(191,'70491-0351','Hospital Charge Master','CT SOFT TISSUE NECK W IV CONT',18),(192,'70496','Hospital Charge Master','CT ANGIOGRAPHY, HEAD',17),(193,'70498-0350','Hospital Charge Master','CT ANGIOGRAPHY, NECK',17),(194,'70498-0350-TC','Hospital Charge Master','CT ANGIOGRAPHY, NECK',17),(195,'70543-0610','Hospital Charge Master','MRI ORBIT/FACE/NECK W/O & W GAD',41),(196,'70543-0611','Hospital Charge Master','MRI ORBIT/FACE/NECK W/O & W GAD',43),(197,'70544-0610','Hospital Charge Master','MR ANGIOGRAPHY HEAD W/O DYE',41),(198,'70544-0615','Hospital Charge Master','MR ANGIOGRAPHY HEAD W/O DYE',46),(199,'70549-0610','Hospital Charge Master','MRA NECK W/O & W GAD',41),(200,'70549-0610-TC','Hospital Charge Master','MRA NECK W/O & W GAD',41),(201,'70549-0615','Hospital Charge Master','MRA NECK W/O & W GAD',46),(202,'70549-0615-TC','Hospital Charge Master','MRA NECK W/O & W GAD',46),(203,'70551-0610','Hospital Charge Master','MRI BRAIN W/O DYE',41),(204,'70551-0611','Hospital Charge Master','MRI BRAIN W/O DYE',43),(205,'70553','Hospital Charge Master','MRI BRAIN W/O & W/DYE',43),(206,'71045-0320','Hospital Charge Master','RADIOLOGIC EXAM CHEST SINGLE VIEW',11),(207,'71045-0320-TC','Hospital Charge Master','RADIOLOGIC EXAM CHEST SINGLE VIEW',11),(208,'71046-0320','Hospital Charge Master','RADIOLOGIC EXAM CHEST 2 VIEWS',11),(209,'71046-0320-TC','Hospital Charge Master','RADIOLOGIC EXAM CHEST 2 VIEWS',11),(210,'71101-0320','Hospital Charge Master','X-RAY EXAM OF RIBS/CHEST',11),(211,'71101-0320-TC','Hospital Charge Master','X-RAY EXAM OF RIBS/CHEST',11),(212,'71250','Hospital Charge Master','CT THORAX W/O DYE',17),(213,'712505-0350','Hospital Charge Master','CT CARDIAC SCORING',17),(214,'712505-0352','Hospital Charge Master','CT CARDIAC SCORING',19),(215,'71260-0350','Hospital Charge Master','CT THORAX W/ IV CONT',17),(216,'71260-0350-TC','Hospital Charge Master','CT THORAX W/ IV CONT',17),(217,'71260-0352','Hospital Charge Master','CT THORAX W/ IV CONT',19),(218,'71260-0352-TC','Hospital Charge Master','CT THORAX W/ IV CONT',19),(219,'71275-0350','Hospital Charge Master','CT PULMONARY ANGIO CHEST PE',17),(220,'71275-0350-TC','Hospital Charge Master','CT PULMONARY ANGIO CHEST PE',17),(221,'72040','Hospital Charge Master','X-RAY EXAM OF NECK SPINE',11),(222,'72052-0320','Hospital Charge Master','XRAY CERVICAL SPINE COMP',11),(223,'72052-0320-TC','Hospital Charge Master','XRAY CERVICAL SPINE COMP',11),(224,'72072-0320','Hospital Charge Master','XRAY THORACIC SPINE COMP',11),(225,'72072-0320-TC','Hospital Charge Master','XRAY THORACIC SPINE COMP',11),(226,'72100-0320','Hospital Charge Master','XRAY LUMBAR SPINE LTD',11),(227,'72100-0320-TC','Hospital Charge Master','XRAY LUMBAR SPINE LTD',11),(228,'72110-0320','Hospital Charge Master','XRAY LUMBAR SPINE COMPLETE',11),(229,'72110-0320-TC','Hospital Charge Master','XRAY LUMBAR SPINE COMPLETE',11),(230,'72125-0350','Hospital Charge Master','CT CERVICAL SPINE W/O IV CONTRAST',17),(231,'72125-0352','Hospital Charge Master','CT CERVICAL SPINE W/O IV CONTRAST',19),(232,'72128-0350','Hospital Charge Master','CT THORACIC SPINE W/O IV CONT',17),(233,'72128-0350-TC','Hospital Charge Master','CT THORACIC SPINE W/O IV CONT',17),(234,'72128-0352','Hospital Charge Master','CT THORACIC SPINE W/O IV CONT',19),(235,'72128-0352-TC','Hospital Charge Master','CT THORACIC SPINE W/O IV CONT',19),(236,'72131-0350','Hospital Charge Master','CT LUMBAR SPINE W/O IV CONT',17),(237,'72131-0352','Hospital Charge Master','CT LUMBAR SPINE W/O IV CONT',19),(238,'72141-0610','Hospital Charge Master','MRI NECK SPINE W/O DYE',41),(239,'72141-0612','Hospital Charge Master','MRI NECK SPINE W/O DYE',44),(240,'72146','Hospital Charge Master','MRI CHEST SPINE W/O DYE',44),(241,'72148','Hospital Charge Master','MRI LUMBAR SPINE W/O DYE',44),(242,'72156','Hospital Charge Master','MRI CERVICAL SPINE W/O & W GAD',44),(243,'72157','Hospital Charge Master','MRI CHEST SPINE W/O & W/DYE',44),(244,'72158','Hospital Charge Master','MRI LUMBAR SPINE W/O & W/DYE',44),(245,'72170-0320','Hospital Charge Master','X-RAY EXAM OF PELVIS',11),(246,'72170-0320-TC','Hospital Charge Master','X-RAY EXAM OF PELVIS',11),(247,'72192','Hospital Charge Master','CT SCAN,PELVIS,W/O CONTRAST',17),(248,'72193-0350','Hospital Charge Master','CT SCAN OF PELVIS CONTRAST',17),(249,'72193-0400','Hospital Charge Master','CT SCAN OF PELVIS CONTRAST',22),(250,'72195-0610','Hospital Charge Master','MRI PELVIS, W/O CONTRAST',41),(251,'72195-0610-TC','Hospital Charge Master','MRI PELVIS, W/O CONTRAST',41),(252,'72197-0610','Hospital Charge Master','MRI PELVIS W/O & W GAD',41),(253,'72197-0610-TC','Hospital Charge Master','MRI PELVIS W/O & W GAD',41),(254,'73030','Hospital Charge Master','X-RAY EXAM OF SHOULDER',11),(255,'73060','Hospital Charge Master','X-RAY EXAM OF HUMERUS',11),(256,'73070','Hospital Charge Master','X-RAY EXAM OF ELBOW',11),(257,'73090','Hospital Charge Master','X-RAY EXAM OF FOREARM',11),(258,'73100','Hospital Charge Master','X-RAY EXAM OF WRIST',11),(259,'73110','Hospital Charge Master','X-RAY EXAM OF WRIST',11),(260,'73130-0320','Hospital Charge Master','X-RAY EXAM OF HAND',11),(261,'73130-0320-TC','Hospital Charge Master','X-RAY EXAM OF HAND',11),(262,'73140-0320','Hospital Charge Master','X-RAY EXAM OF FINGER(S)',11),(263,'73140-0320-TC','Hospital Charge Master','X-RAY EXAM OF FINGER(S)',11),(264,'73200','Hospital Charge Master','CT UPPER EXTREMITY W/O DYE',17),(265,'73218','Hospital Charge Master','MRI UPPER EXTERMITY W/O DYE',41),(266,'73220','Hospital Charge Master','MRI UPPER EXTREMITY W/O&W/DYE',41),(267,'73221','Hospital Charge Master','MRI JOINT UPR EXTREM W/O DYE',41),(268,'73222','Hospital Charge Master','MRI JOINT UPR EXTREM W/DYE',41),(269,'73223','Hospital Charge Master','MRI JOINT UPR EXTR W/O&W/DYE',41),(270,'73502','Hospital Charge Master','XR HIP W/PELVIS 2-3 VIEWS',11),(271,'73522','Hospital Charge Master','XR BIL HIP W/PELVIS 3-4 VIEWS',11),(272,'73525','Hospital Charge Master','CONTRAST X-RAY OF HIP',11),(273,'73552','Hospital Charge Master','XR FEMUR MIN 2 VIEWS',11),(274,'73560','Hospital Charge Master','X-RAY EXAM OF KNEE, 1 OR 2',11),(275,'73564','Hospital Charge Master','X-RAY EXAM, KNEE, 4 OR MORE',11),(276,'73580-0320','Hospital Charge Master','CONTRAST X-RAY OF KNEE JOINT',11),(277,'73580-0322','Hospital Charge Master','CONTRAST X-RAY OF KNEE JOINT',12),(278,'73590-0320','Hospital Charge Master','XRAY TIB/FIB AP MECHANICAL AXIS',11),(279,'73590-0320-TC','Hospital Charge Master','XRAY TIB/FIB AP MECHANICAL AXIS',11),(280,'73600','Hospital Charge Master','X-RAY EXAM OF ANKLE',11),(281,'73610-0320','Hospital Charge Master','X-RAY EXAM OF ANKLE',11),(282,'73610-0320-TC','Hospital Charge Master','X-RAY EXAM OF ANKLE',11),(283,'73620','Hospital Charge Master','X-RAY EXAM OF FOOT',11),(284,'73630-0320','Hospital Charge Master','X-RAY EXAM OF FOOT',11),(285,'73630-0320-TC','Hospital Charge Master','X-RAY EXAM OF FOOT',11),(286,'73660','Hospital Charge Master','X-RAY EXAM OF TOE(S)',11),(287,'73700','Hospital Charge Master','CT LOWER EXTERMITY W/O DYE',17),(288,'73718','Hospital Charge Master','MRI LOWER EXTREMITY W/O DYE',41),(289,'73720','Hospital Charge Master','MRI LWR EXTREMITY W/O&W/DYE',41),(290,'73721','Hospital Charge Master','MRI JNT OF LWR EXTRE W/O DYE',41),(291,'73722','Hospital Charge Master','MRI JOINT OF LWR EXTR W/DYE',41),(292,'73723','Hospital Charge Master','MRI JOINT LWR EXTR W/O&W/DYE',41),(293,'74018-0320','Hospital Charge Master','RADIOLOGIC EXAM ABDOMEN 1 VIEW',11),(294,'74018-0320-TC','Hospital Charge Master','RADIOLOGIC EXAM ABDOMEN 1 VIEW',11),(295,'74019-0320','Hospital Charge Master','RADIOLOGIC EXAM ABDOMEN 2 VIEWS',11),(296,'74019-0320-TC','Hospital Charge Master','RADIOLOGIC EXAM ABDOMEN 2 VIEWS',11),(297,'74150-0350','Hospital Charge Master','CT ABDOMEN W/O IV CONTRAST',17),(298,'74150-0352','Hospital Charge Master','CT ABDOMEN W/O IV CONTRAST',19),(299,'74160-0350','Hospital Charge Master','CT ABDOMEN WITH IV CONTRAST',17),(300,'74160-0350-52','Hospital Charge Master','CT ABDOMEN WITH IV CONTRAST',17),(301,'74160-0352','Hospital Charge Master','CT ABDOMEN WITH IV CONTRAST',19),(302,'74160-0352-52','Hospital Charge Master','CT ABDOMEN WITH IV CONTRAST',19),(303,'74160-0400','Hospital Charge Master','CT ABDOMEN WITH IV CONTRAST',22),(304,'74160-0400-52','Hospital Charge Master','CT ABDOMEN WITH IV CONTRAST',22),(305,'74170-0350','Hospital Charge Master','CT ABDOMEN W/O & W/ IV CONTRAST',17),(306,'74170-0350-TC','Hospital Charge Master','CT ABDOMEN W/O & W/ IV CONTRAST',17),(307,'74170-0352','Hospital Charge Master','CT ABDOMEN W/O & W/ IV CONTRAST',19),(308,'74170-0352-TC','Hospital Charge Master','CT ABDOMEN W/O & W/ IV CONTRAST',19),(309,'74174','Hospital Charge Master','CT ANGIO ABD&PLVIS CNTRST MTRL W/WO CNTRST IMGES',19),(310,'74175','Hospital Charge Master','CT ANGIO ABDOM W/O & W/DYE',17),(311,'74176-0350','Hospital Charge Master','CT ABD & PELVIS W/O CONTRAST',17),(312,'74176-0352','Hospital Charge Master','CT ABD & PELVIS W/O CONTRAST',19),(313,'74177-0350','Hospital Charge Master','CT ABDOMEN&PELVIS W/CONTRAST',17),(314,'74177-0352','Hospital Charge Master','CT ABDOMEN&PELVIS W/CONTRAST',19),(315,'74178','Hospital Charge Master','CT ABD&PELV 1+ SECTION/REGNS',17),(316,'74183-0610','Hospital Charge Master','MRI ABDOMEN W/O & W GAD',41),(317,'74183-0610-TC','Hospital Charge Master','MRI ABDOMEN W/O & W GAD',41),(318,'742','MS-DRG','Uterine & adnexa proc for non-malignancy w CC/MCC',1),(319,'74220','Hospital Charge Master','CONTRAST XR ESOPHAGUS W/SCOUT FILMS',11),(320,'74230-0320','Hospital Charge Master','XRAY ESOPHOGRAM VIDEO  W/SCOUT FILMS',11),(321,'74230-0320-TC','Hospital Charge Master','XRAY ESOPHOGRAM VIDEO  W/SCOUT FILMS',11),(322,'74240-0320','Hospital Charge Master','XRAY UPPER GI W/SCOUT FILMS SGL CONTRAST',11),(323,'74240-0320-TC','Hospital Charge Master','XRAY UPPER GI W/SCOUT FILMS SGL CONTRAST',11),(324,'74261','Hospital Charge Master','CT COLONOGRAPHY, W/O DYE',17),(325,'743','MS-DRG','Uterine & adnexa proc for non-malignancy w/o CC/MCC',1),(326,'74420','Hospital Charge Master','CONTRST X-RAY, URINARY TRACT',11),(327,'74455-0320','Hospital Charge Master','XRAY CYSTOGRAM VOIDING',11),(328,'74740-0320','Hospital Charge Master','XRAY HYSTEROSALPINGOGRAM',11),(329,'74740-0320-TC','Hospital Charge Master','XRAY HYSTEROSALPINGOGRAM',11),(330,'75561','Hospital Charge Master','CARDIAC MRI FOR MORPH W/DYE',41),(331,'75574-0350','Hospital Charge Master','CT ANGIO HRT W/3D IMAGE',17),(332,'75574-0352','Hospital Charge Master','CT ANGIO HRT W/3D IMAGE',19),(333,'75630-0320','Hospital Charge Master','XRAY AORTOGRAM W/ BILAT LOWER EXTREMITY',11),(334,'75630-0323','Hospital Charge Master','XRAY AORTOGRAM W/ BILAT LOWER EXTREMITY',13),(335,'75635-0320','Hospital Charge Master','CT ANGIO ABDOMINAL ARTERIES',11),(336,'75635-0352','Hospital Charge Master','CT ANGIO ABDOMINAL ARTERIES',19),(337,'75710-0320','Hospital Charge Master','ARTERY X-RAYS, ARM/LEG',11),(338,'75710-0323','Hospital Charge Master','ARTERY X-RAYS, ARM/LEG',13),(339,'76536-0402','Hospital Charge Master','US SOFT TISSUE HEAD, NECK, OR THYROID',24),(340,'76536-0402-TC','Hospital Charge Master','US SOFT TISSUE HEAD, NECK, OR THYROID',24),(341,'76642','Hospital Charge Master','US BREAST UNI REAL TIME WITH IMAGE LIMITED',24),(342,'76700-0402','Hospital Charge Master','US ABDOMEN COMPLETE',24),(343,'76700-0402-TC','Hospital Charge Master','US ABDOMEN COMPLETE',24),(344,'76705-0402','Hospital Charge Master','US ABDOMEN LTD',24),(345,'76705-0402-TC','Hospital Charge Master','US ABDOMEN LTD',24),(346,'76706','Hospital Charge Master','US ABDOMINAL AORTA REAL TIME SCREEN STUDY AAA',24),(347,'76770-0402','Hospital Charge Master','US RETROPERITONEAL (KIDNEYS) COMP',24),(348,'76770-0402-TC','Hospital Charge Master','US RETROPERITONEAL (KIDNEYS) COMP',24),(349,'76775-0402','Hospital Charge Master','US RETROPERITONEAL (AORTA) LTD',24),(350,'76775-0402-TC','Hospital Charge Master','US RETROPERITONEAL (AORTA) LTD',24),(351,'76805','Hospital Charge Master','OB US >/= 14 WKS',24),(352,'76830','Hospital Charge Master','US TRANSVAGINAL PELVIS',24),(353,'76856','Hospital Charge Master','US PELVIS',24),(354,'76857','Hospital Charge Master','US PELVIS LTD/FOLLOW UP',24),(355,'76870-0402','Hospital Charge Master','US TESTICLE',24),(356,'76870-0402-TC','Hospital Charge Master','US TESTICLE',24),(357,'76881','Hospital Charge Master','US COMPLETE JOINT NON-VASC',24),(358,'76882','Hospital Charge Master','US LMTD JOINT NON-VASC',24),(359,'77048','HCPCS','Mri breast c-+ w/cad uni',1),(360,'77048','HCPCS','Mri breast c-+ w/cad uni',41),(361,'77061','Hospital Charge Master','DIGITAL BREAST TOMOSYNTHESIS UNILATERAL',23),(362,'77062','Hospital Charge Master','DIGITAL BREAST TOMOSYNTHESIS BILATERAL',23),(363,'77065','Hospital Charge Master','DIAGNOSTIC MAMMOGRAPHY COMPUTER-AIDED DETCJ UNI',23),(364,'77066-0401','Hospital Charge Master','DIAGNOSTIC MAMMOGRAPHY COMPUTER-AIDED DETCJ BI',23),(365,'77066-0401-TC','Hospital Charge Master','DIAGNOSTIC MAMMOGRAPHY COMPUTER-AIDED DETCJ BI',23),(366,'77067','Hospital Charge Master','SCREENING MAMMOGRAPHY BI 2-VIEW BREAST INC CAD',25),(367,'78014','Hospital Charge Master','THYROID IMAG WWO VASC FLOW W/SGL OR MULT UPTAKE(S) QUANT MEAS WW',16),(368,'78195-0340','Hospital Charge Master','NUC MED LYMPHOSCINTIGRAPHY SCAN',15),(369,'78195-0340-TC','Hospital Charge Master','NUC MED LYMPHOSCINTIGRAPHY SCAN',15),(370,'78195-0341','Hospital Charge Master','NUC MED LYMPHOSCINTIGRAPHY SCAN',16),(371,'78195-0341-TC','Hospital Charge Master','NUC MED LYMPHOSCINTIGRAPHY SCAN',16),(372,'78227','Hospital Charge Master','HEPATOBIL SYST IMAG INC GB W/PHARMA INTERVENJ',16),(373,'78264-0340','Hospital Charge Master','NUC MED GASTRIC EMPTYING SCAN',15),(374,'78264-0340-TC','Hospital Charge Master','NUC MED GASTRIC EMPTYING SCAN',15),(375,'78264-0341','Hospital Charge Master','NUC MED GASTRIC EMPTYING SCAN',16),(376,'78264-0341-TC','Hospital Charge Master','NUC MED GASTRIC EMPTYING SCAN',16),(377,'78306-0340','Hospital Charge Master','NUC MED BONE SCAN WHOLE BODY',15),(378,'78306-0340-TC','Hospital Charge Master','NUC MED BONE SCAN WHOLE BODY',15),(379,'78306-0341','Hospital Charge Master','NUC MED BONE SCAN WHOLE BODY',16),(380,'78306-0341-TC','Hospital Charge Master','NUC MED BONE SCAN WHOLE BODY',16),(381,'78315-0340','Hospital Charge Master','NUC MED BONE SCAN 3 PHASE',15),(382,'78315-0340-TC','Hospital Charge Master','NUC MED BONE SCAN 3 PHASE',15),(383,'78315-0341','Hospital Charge Master','NUC MED BONE SCAN 3 PHASE',16),(384,'78315-0341-TC','Hospital Charge Master','NUC MED BONE SCAN 3 PHASE',16),(385,'78452','Hospital Charge Master','HT MUSCLE IMAGE SPECT, MULT',16),(386,'786','MS-DRG','CESAREAN SECTION W/O STERILIZATION W MCC',1),(387,'787','MS-DRG','CESAREAN SECTION W/O STERILIZATION W CC',1),(388,'78708-0340','Hospital Charge Master','NUC MED RENAL SCAN WITH  CAPTOPRIL',15),(389,'78708-0340-TC','Hospital Charge Master','NUC MED RENAL SCAN WITH  CAPTOPRIL',15),(390,'78708-0341','Hospital Charge Master','NUC MED RENAL SCAN WITH  CAPTOPRIL',16),(391,'78708-0341-TC','Hospital Charge Master','NUC MED RENAL SCAN WITH  CAPTOPRIL',16),(392,'788','MS-DRG','CESAREAN SECTION W/O STERILIZATION W/O CC/MCC',1),(393,'78815','Hospital Charge Master','TUMORIMAGE PET/CT SKUL-THIGH',26),(394,'78816-0340','Hospital Charge Master','TUMOR IMAGE PET/CT FULL BODY',15),(395,'78816-0404','Hospital Charge Master','TUMOR IMAGE PET/CT FULL BODY',26),(396,'795','MS-DRG','Normal newborn',1),(397,'80048-0300','Hospital Charge Master','METABOLIC PANEL TOTAL CA',5),(398,'80048-0301','Hospital Charge Master','METABOLIC PANEL TOTAL CA',6),(399,'80053-0300','Hospital Charge Master','COMPREHEN METABOLIC PANEL',5),(400,'80053-0301','Hospital Charge Master','COMPREHEN METABOLIC PANEL',6),(401,'80055-0300','Hospital Charge Master','OBSTETRIC PANEL',5),(402,'80055-0301','Hospital Charge Master','OBSTETRIC PANEL',6),(403,'80061-0300','Hospital Charge Master','LIPID PANEL',5),(404,'80061-0301','Hospital Charge Master','LIPID PANEL',6),(405,'80069-0300','Hospital Charge Master','RENAL FUNCTION PANEL',5),(406,'80069-0301','Hospital Charge Master','RENAL FUNCTION PANEL',6),(407,'80076-0300','Hospital Charge Master','HEPATIC FUNCTION PANEL',5),(408,'80076-0301','Hospital Charge Master','HEPATIC FUNCTION PANEL',6),(409,'806','MS-DRG','VAGINAL DELIVERY W/O STERILIZATION/D&C W CC',1),(410,'807','MS-DRG','VAGINAL DELIVERY W/O STERILIZATION/D&C W/O CC/MCC',1),(411,'81000','HCPCS','Urinalysis nonauto w/scope',1),(412,'81001-0300','Hospital Charge Master','URINALYSIS, AUTO W/SCOPE',5),(413,'81001-0306','Hospital Charge Master','URINALYSIS, AUTO W/SCOPE',9),(414,'81001-0636','Hospital Charge Master','URINALYSIS, AUTO W/SCOPE',47),(415,'81002-0300','Hospital Charge Master','URINALYSIS NONAUTO W/O SCOPE',5),(416,'81002-0307','Hospital Charge Master','URINALYSIS NONAUTO W/O SCOPE',10),(417,'81003-0300','Hospital Charge Master','URINALYSIS,AUTO, W/O SCOPE',5),(418,'81003-0307','Hospital Charge Master','URINALYSIS,AUTO, W/O SCOPE',10),(419,'810035','Hospital Charge Master','DOT URINALYSIS FR URGENT CARE (POC)',10),(420,'84153-0300','Hospital Charge Master','ASSAY OF PSA, TOTAL',5),(421,'84153-0301','Hospital Charge Master','ASSAY OF PSA, TOTAL',6),(422,'84154','HCPCS','Assay of psa free',1),(423,'84443-0300','Hospital Charge Master','ASSAY THYROID STIM HORMONE',5),(424,'84443-0301','Hospital Charge Master','ASSAY THYROID STIM HORMONE',6),(425,'85025-0300','Hospital Charge Master','COMPLETE CBC W/AUTO DIFF WBC',5),(426,'85025-0305','Hospital Charge Master','COMPLETE CBC W/AUTO DIFF WBC',8),(427,'85027-0300','Hospital Charge Master','COMPLETE CBC, AUTOMATED',5),(428,'85027-0305','Hospital Charge Master','COMPLETE CBC, AUTOMATED',8),(429,'85610-0300','Hospital Charge Master','PROTHROMBIN TIME',5),(430,'85610-0305','Hospital Charge Master','PROTHROMBIN TIME',8),(431,'85610-0510','Hospital Charge Master','PROTHROMBIN TIME',40),(432,'85730-0300','Hospital Charge Master','THROMBOPLASTIN TIME, PARTIAL',5),(433,'85730-0305','Hospital Charge Master','THROMBOPLASTIN TIME, PARTIAL',8),(434,'86769','Hospital Charge Master','COVID-19 IGG, QUALITATIVE',7),(435,'87635','Hospital Charge Master','IADNA SARS-COV-2 COVID-19 AMPLIFIED PROBE TQ',9),(436,'90471-0510','Hospital Charge Master','IMMUNIZATION ADMIN',40),(437,'90471-0636','Hospital Charge Master','IMMUNIZATION ADMIN',47),(438,'90471-0771','Hospital Charge Master','IMMUNIZATION ADMIN',53),(439,'90471-0940','Hospital Charge Master','IMMUNIZATION ADMIN',56),(440,'90832','HCPCS','Psytx w pt 30 minutes',1),(441,'90834','HCPCS','Psytx w pt 45 minutes',1),(442,'90837','HCPCS','Psytx w pt 60 minutes',1),(443,'90846','HCPCS','Family psytx w/o pt 50 min',1),(444,'90847','HCPCS','Family psytx w/pt 50 min',1),(445,'90853','HCPCS','Group psychotherapy',1),(446,'92507','Hospital Charge Master','SPEECH/HEARING THERAPY',32),(447,'92526','Hospital Charge Master','ORAL FUNCTION THERAPY',32),(448,'92585-0471','Hospital Charge Master','AUDITOR EVOKE POTENT, COMPRE',36),(449,'92610','Hospital Charge Master','EVALUATE SWALLOWING FUNCTION',33),(450,'92611','Hospital Charge Master','MOTION FLUOROSCOPY/SWALLOW',33),(451,'93000-0730','Hospital Charge Master','CHARGE EKG TOTAL (READ & TRACE)',48),(452,'93000-0732','Hospital Charge Master','CHARGE EKG TOTAL (READ & TRACE)',50),(453,'93005-0510','Hospital Charge Master','CHARGE EKG TRACING',40),(454,'93005-0730','Hospital Charge Master','CHARGE EKG TRACING',48),(455,'93005-0732','Hospital Charge Master','CHARGE EKG TRACING',50),(456,'93017-0480','Hospital Charge Master','CARDIOVASCULAR STRESS TEST',37),(457,'93017-0482','Hospital Charge Master','CARDIOVASCULAR STRESS TEST',38),(458,'93306-0480','Hospital Charge Master','PER TTE W/DOPPLER, COMPLETE',37),(459,'93306-0482','Hospital Charge Master','PER TTE W/DOPPLER, COMPLETE',38),(460,'93306-0483','Hospital Charge Master','PER TTE W/DOPPLER, COMPLETE',39),(461,'93306-0510','Hospital Charge Master','PER TTE W/DOPPLER, COMPLETE',40),(462,'93306-0730','Hospital Charge Master','PER TTE W/DOPPLER, COMPLETE',48),(463,'93306-0731','Hospital Charge Master','PER TTE W/DOPPLER, COMPLETE',49),(464,'93308-0480','Hospital Charge Master','TTE, F-UP OR LMTD',37),(465,'93308-0483','Hospital Charge Master','TTE, F-UP OR LMTD',39),(466,'93308-0510','Hospital Charge Master','TTE, F-UP OR LMTD',40),(467,'93312','Hospital Charge Master','PER ECHO TRANSESOPHAGEAL',37),(468,'93351-0480','Hospital Charge Master','PER STRESS TTE COMPLETE',37),(469,'93351-0482','Hospital Charge Master','PER STRESS TTE COMPLETE',38),(470,'93351-0483','Hospital Charge Master','PER STRESS TTE COMPLETE',39),(471,'93351-0510','Hospital Charge Master','PER STRESS TTE COMPLETE',40),(472,'93452','HCPCS','Left hrt cath w/ventrclgrphy',1),(473,'93660-0480','Hospital Charge Master','TILT TABLE EVALUATION',37),(474,'93880-0920','Hospital Charge Master','US CAROTID DUPLEX BILAT',54),(475,'93880-0920-TC','Hospital Charge Master','US CAROTID DUPLEX BILAT',54),(476,'93880-0921','Hospital Charge Master','US CAROTID DUPLEX BILAT',55),(477,'93880-0921-TC','Hospital Charge Master','US CAROTID DUPLEX BILAT',55),(478,'93970','Hospital Charge Master','US VENOUS DOPPLER BILAT',55),(479,'93971-0402','Hospital Charge Master','EXTREMITY STUDY',24),(480,'93971-0921','Hospital Charge Master','EXTREMITY STUDY',55),(481,'93975','Hospital Charge Master','VASCULAR STUDY',54),(482,'96365-0260','Hospital Charge Master','THER/PROPH/DIAG IV INF, INIT',2),(483,'96365-0450','Hospital Charge Master','THER/PROPH/DIAG IV INF, INIT',34),(484,'96365-0761','Hospital Charge Master','THER/PROPH/DIAG IV INF, INIT',52),(485,'96365-0940','Hospital Charge Master','THER/PROPH/DIAG IV INF, INIT',56),(486,'96372-0260','Hospital Charge Master','THER/PROPH/DIAG INJ, SC/IM',2),(487,'96372-0270','Hospital Charge Master','THER/PROPH/DIAG INJ, SC/IM',3),(488,'96372-0940','Hospital Charge Master','THER/PROPH/DIAG INJ, SC/IM',56),(489,'96374-0260','Hospital Charge Master','THER/PROPH/DIAG INJ, IV PUSH',2),(490,'96374-0450','Hospital Charge Master','THER/PROPH/DIAG INJ, IV PUSH',34),(491,'96374-0940','Hospital Charge Master','THER/PROPH/DIAG INJ, IV PUSH',56),(492,'97110','Hospital Charge Master','THERAPEUTIC EXERCISES',28),(493,'97161','Hospital Charge Master','PHYSICAL THERAPY EVALUATION LOW COMPLEX 20 MINS',29),(494,'97605','Hospital Charge Master','NEGATIVE PRESSURE WOUND THERAPY DME </= 50 SQ CM',40),(495,'99203','Hospital Charge Master','OFFICE/OUTPATIENT VISIT, NEW (LVL3)',40),(496,'99203P','Hospital Charge Master','PF OFFICE/OUTPATIENT VISIT, NEW',40),(497,'99204','Hospital Charge Master','OFFICE/OUTPATIENT VISIT, NEW (LVL4)',40),(498,'99205','HCPCS','Office/outpatient visit new',1),(499,'99243','HCPCS','Office consultation',1),(500,'99244','HCPCS','Office consultation',1),(501,'993850','Hospital Charge Master','DOT EXAM (NEW 18-39 YRS)',40),(502,'993860','Hospital Charge Master','DOT EXAM (NEW 40-64 YRS)',40),(503,'993863','Hospital Charge Master','PRE-EMPL EXAM (NEW 40-64 YRS)',40),(504,'C8908','Hospital Charge Master','MRI W/O FOL W/CONT, BREAST,',45),(505,'C8929','HCPCS','Tte w or wo fol wcon,doppler',1),(506,'C8930','HCPCS','Tte w or w/o contr, cont ecg',1),(507,'C9600','HCPCS','Perc drug-el cor stent sing',1),(508,'G0008-0510','Hospital Charge Master','ADMIN INFLUENZA VIRUS VAC',40),(509,'G0008-0636','Hospital Charge Master','ADMIN INFLUENZA VIRUS VAC',47),(510,'G0008-0771','Hospital Charge Master','ADMIN INFLUENZA VIRUS VAC',53),(511,'G0104','HCPCS','Ca screen;flexi sigmoidscope',1),(512,'G0105','HCPCS','Colorectal scrn; hi risk ind',1),(513,'G0121','HCPCS','Colon ca scrn not hi rsk ind',1),(514,'G0260','HCPCS','Inj for sacroiliac jt anesth',1),(515,'G0297','Hospital Charge Master','LOW DOSE CT LUNG SCREENING (LDCT)',19),(516,'G0365-0320','Hospital Charge Master','INITIAL VEIN MAPPING BEFORE HEMODIALYSIS ACCESS',11),(517,'G0365-0921','Hospital Charge Master','INITIAL VEIN MAPPING BEFORE HEMODIALYSIS ACCESS',55),(518,'G0463-0510','Hospital Charge Master','HOSPITAL OUTPATIENT CLINIC VISIT FOR ASSESSMENT AND MANAGEMENT O',40),(519,'U0003','Hospital Charge Master','SARS-COV-2 NAAT',9);

INSERT INTO `standard_charge` (`id`, `discounted_cash_price`, `hospital_id`, `procedure_id`) VALUES (1,'$13,723.56',1,1),(2,'$11,939.91',1,2),(3,'$14,138.35',1,3),(4,'$16,129.30',1,4),(5,'$19,212.60',1,5),(6,'$793.90',1,6),(7,'$793.90',1,7),(8,'',1,8),(9,'$13,943.55',1,9),(10,'$13,530.31',1,10),(11,'$8,614.76',1,11),(12,'$1,110.83',1,12),(13,'$1,110.83',1,13),(14,'$28,959.58',1,14),(15,'$26,108.37',1,15),(16,'$5,225.16',1,16),(17,'$11,300.11',1,17),(18,'$20,562.13',1,18),(19,'$20,255.76',1,19),(20,'$12,128.12',1,20),(21,'$11,335.86',1,21),(22,'$14,587.70',1,22),(23,'$23,486.09',1,23),(24,'$13,061.33',1,24),(25,'$89.70',1,25),(26,'$208.00',1,26),(27,'$231.75',1,27),(28,'$168.65',1,28),(29,'$168.82',1,29),(30,'$168.82',1,30),(31,'$14,998.48',1,31),(32,'$13,184.86',1,32),(33,'$38.36',1,33),(34,'$54.46',1,34),(35,'$220.50',1,35),(36,'$220.50',1,36),(37,'$220.50',1,37),(38,'$89.57',1,38),(39,'$89.57',1,39),(40,'$220.50',1,40),(41,'$220.50',1,41),(42,'$3,858.52',1,42),(43,'$18,422.16',1,43),(44,'$14,585.12',1,44),(45,'$16,184.73',1,45),(46,'$16,571.59',1,46),(47,'$20,896.32',1,47),(48,'$20,896.32',1,48),(49,'$7,782.86',1,49),(50,'$7,678.83',1,50),(51,'$5,997.26',1,51),(52,'$7,678.83',1,52),(53,'$54.46',1,53),(54,'$75,848.68',1,54),(55,'$30,524.03',1,55),(56,'$54.46',1,56),(57,'$32,670.26',1,57),(58,'$11,035.78',1,58),(59,'$1,238.39',1,59),(60,'$1,750.39',1,60),(61,'$793.90',1,61),(62,'$793.90',1,62),(63,'$793.90',1,63),(64,'$793.90',1,64),(65,'$38.36',1,65),(66,'$38.36',1,66),(67,'$220.50',1,67),(68,'$220.50',1,68),(69,'$3,120.03',1,69),(70,'$3,120.03',1,70),(71,'$3,120.03',1,71),(72,'$3,107.51',1,72),(73,'$3,107.51',1,73),(74,'$3,107.51',1,74),(75,'$3,107.51',1,75),(76,'$3,107.51',1,76),(77,'$3,107.51',1,77),(78,'$3,107.51',1,78),(79,'$3,107.51',1,79),(80,'$3,120.03',1,80),(81,'$200.17',1,81),(82,'$483.70',1,82),(83,'$483.70',1,83),(84,'$483.70',1,84),(85,'$897.70',1,85),(86,'$198.93',1,86),(87,'$198.93',1,87),(88,'$198.93',1,88),(89,'$198.93',1,89),(90,'$20,707.82',1,90),(91,'$20,707.82',1,91),(92,'$126.44',1,92),(93,'$126.44',1,93),(94,'$113.99',1,94),(95,'$90.35',1,95),(96,'$90.35',1,96),(97,'$113.99',1,97),(98,'$125.72',1,98),(99,'$126.77',1,99),(100,'$113.99',1,100),(101,'$241.80',1,101),(102,'$286.22',1,102),(103,'$289.90',1,103),(104,'$83.20',1,104),(105,'$41.60',1,105),(106,'$111.80',1,106),(107,'$126.77',1,107),(108,'$111.80',1,108),(109,'$113.99',1,109),(110,'$126.44',1,110),(111,'$126.44',1,111),(112,'$126.44',1,112),(113,'$68.25',1,113),(114,'$234.00',1,114),(115,'$288.13',1,115),(116,'$281.45',1,116),(117,'$125.72',1,117),(118,'$16,550.55',1,118),(119,'$15,865.36',1,119),(120,'$17,592.28',1,120),(121,'$7,609.65',1,121),(122,'$4,157.37',1,122),(123,'$312.25',1,123),(124,'$9,951.19',1,124),(125,'$10,295.73',1,125),(126,'$8,621.33',1,126),(127,'$11,969.49',1,127),(128,'$3,819.18',1,128),(129,'$4,970.96',1,129),(130,'$3,332.55',1,130),(131,'$4,346.11',1,131),(132,'$4,408.92',1,132),(133,'$4,291.49',1,133),(134,'',1,134),(135,'',1,135),(136,'',1,136),(137,'$26,277.72',1,137),(138,'',1,138),(139,'$17,825.67',1,139),(140,'$13,690.33',1,140),(141,'$11,920.97',1,141),(142,'$16,849.66',1,142),(143,'$16,728.26',1,143),(144,'$19,288.27',1,144),(145,'$14,667.58',1,145),(146,'$13,856.84',1,146),(147,'$14,112.55',1,147),(148,'$19,697.13',1,148),(149,'$18,364.07',1,149),(150,'$19,562.54',1,150),(151,'$8,057.00',1,151),(152,'$8,057.00',1,152),(153,'$8,057.00',1,153),(154,'$22,013.84',1,154),(155,'$13,941.56',1,155),(156,'$14,175.92',1,156),(157,'',1,157),(158,'$21,405.13',1,158),(159,'$23,928.75',1,159),(160,'',1,160),(161,'',1,161),(162,'',1,162),(163,'',1,163),(164,'$1,122.99',1,164),(165,'$7,713.47',1,165),(166,'',1,166),(167,'$10,854.47',1,167),(168,'$11,038.36',1,168),(169,'$7,926.33',1,169),(170,'$244.56',1,170),(171,'$244.56',1,171),(172,'$1,618.53',1,172),(173,'$1,618.53',1,173),(174,'$1,618.53',1,174),(175,'$1,618.53',1,175),(176,'$1,765.73',1,176),(177,'$1,765.73',1,177),(178,'$1,765.73',1,178),(179,'$1,765.73',1,179),(180,'$1,638.00',1,180),(181,'$1,638.00',1,181),(182,'$1,638.00',1,182),(183,'$1,638.00',1,183),(184,'$1,588.00',1,184),(185,'$1,588.00',1,185),(186,'$1,588.00',1,186),(187,'$1,588.00',1,187),(188,'$1,588.00',1,188),(189,'$1,588.00',1,189),(190,'$1,842.30',1,190),(191,'$1,842.30',1,191),(192,'$1,896.43',1,192),(193,'$2,049.33',1,193),(194,'$2,049.33',1,194),(195,'$3,838.41',1,195),(196,'$3,838.41',1,196),(197,'$2,649.82',1,197),(198,'$2,649.82',1,198),(199,'$4,611.52',1,199),(200,'$4,611.52',1,200),(201,'$4,611.52',1,201),(202,'$4,611.52',1,202),(203,'$2,766.00',1,203),(204,'$2,766.00',1,204),(205,'$4,494.12',1,205),(206,'$181.65',1,206),(207,'$181.65',1,207),(208,'$229.06',1,208),(209,'$229.06',1,209),(210,'$155.76',1,210),(211,'$155.76',1,211),(212,'$1,632.70',1,212),(213,'$1,632.70',1,213),(214,'$1,632.70',1,214),(215,'$1,931.15',1,215),(216,'$1,931.15',1,216),(217,'$1,931.15',1,217),(218,'$1,931.15',1,218),(219,'$2,046.34',1,219),(220,'$2,046.34',1,220),(221,'$131.02',1,221),(222,'$260.65',1,222),(223,'$260.65',1,223),(224,'$178.88',1,224),(225,'$178.88',1,225),(226,'$153.63',1,226),(227,'$153.63',1,227),(228,'$216.01',1,228),(229,'$216.01',1,229),(230,'$2,543.79',1,230),(231,'$2,543.79',1,231),(232,'$2,567.39',1,232),(233,'$2,567.39',1,233),(234,'$2,567.39',1,234),(235,'$2,567.39',1,235),(236,'$2,275.65',1,236),(237,'$2,275.65',1,237),(238,'$2,705.83',1,238),(239,'$2,705.83',1,239),(240,'$2,969.65',1,240),(241,'$2,883.53',1,241),(242,'$4,010.91',1,242),(243,'$4,051.74',1,243),(244,'$3,850.76',1,244),(245,'$119.81',1,245),(246,'$119.81',1,246),(247,'$1,506.70',1,247),(248,'$1,575.60',1,248),(249,'$1,575.60',1,249),(250,'$2,742.68',1,250),(251,'$2,742.68',1,251),(252,'$3,809.26',1,252),(253,'$3,809.26',1,253),(254,'$137.08',1,254),(255,'$130.18',1,255),(256,'$118.30',1,256),(257,'$108.99',1,257),(258,'$145.96',1,258),(259,'$142.04',1,259),(260,'$135.27',1,260),(261,'$135.27',1,261),(262,'$98.81',1,262),(263,'$98.81',1,263),(264,'$1,946.49',1,264),(265,'$2,695.55',1,265),(266,'$3,789.83',1,266),(267,'$2,511.85',1,267),(268,'$3,281.85',1,268),(269,'$3,911.70',1,269),(270,'$89.32',1,270),(271,'$100.75',1,271),(272,'$536.25',1,272),(273,'$69.01',1,273),(274,'$153.12',1,274),(275,'$170.21',1,275),(276,'$636.24',1,276),(277,'$636.24',1,277),(278,'$123.57',1,278),(279,'$123.57',1,279),(280,'$158.10',1,280),(281,'$137.69',1,281),(282,'$137.69',1,282),(283,'$144.58',1,283),(284,'$133.89',1,284),(285,'$133.89',1,285),(286,'$99.65',1,286),(287,'$2,022.84',1,287),(288,'$2,509.90',1,288),(289,'$2,668.46',1,289),(290,'$2,484.83',1,290),(291,'$3,023.52',1,291),(292,'$2,729.35',1,292),(293,'$130.29',1,293),(294,'$130.29',1,294),(295,'$149.75',1,295),(296,'$149.75',1,296),(297,'$1,550.69',1,297),(298,'$1,550.69',1,298),(299,'$1,691.17',1,299),(300,'$1,691.17',1,300),(301,'$1,691.17',1,301),(302,'$1,691.17',1,302),(303,'$1,691.17',1,303),(304,'$1,691.17',1,304),(305,'$1,985.23',1,305),(306,'$1,985.23',1,306),(307,'$1,985.23',1,307),(308,'$1,985.23',1,308),(309,'$2,911.55',1,309),(310,'$1,925.17',1,310),(311,'$2,825.94',1,311),(312,'$2,825.94',1,312),(313,'$3,261.31',1,313),(314,'$3,261.31',1,314),(315,'$4,494.04',1,315),(316,'$4,071.50',1,316),(317,'$4,071.50',1,317),(318,'$46,307.77',1,318),(319,'$284.84',1,319),(320,'$297.86',1,320),(321,'$297.86',1,321),(322,'$295.19',1,322),(323,'$295.19',1,323),(324,'$1,900.60',1,324),(325,'$20,527.86',1,325),(326,'$630.66',1,326),(327,'$389.35',1,327),(328,'$404.95',1,328),(329,'$404.95',1,329),(330,'$2,784.81',1,330),(331,'$1,559.35',1,331),(332,'$1,559.35',1,332),(333,'$2,507.05',1,333),(334,'$2,507.05',1,334),(335,'$3,203.85',1,335),(336,'$3,203.85',1,336),(337,'$2,926.30',1,337),(338,'$2,926.30',1,338),(339,'$344.73',1,339),(340,'$344.73',1,340),(341,'$265.74',1,341),(342,'$721.97',1,342),(343,'$721.97',1,343),(344,'$371.64',1,344),(345,'$371.64',1,345),(346,'$83.11',1,346),(347,'$487.40',1,347),(348,'$487.40',1,348),(349,'$323.09',1,349),(350,'$323.09',1,350),(351,'$407.55',1,351),(352,'$273.18',1,352),(353,'$436.80',1,353),(354,'$326.30',1,354),(355,'$399.65',1,355),(356,'$399.65',1,356),(357,'$384.80',1,357),(358,'$257.08',1,358),(359,'$4,223.05',1,359),(360,'$412.50',1,361),(361,'$442.94',1,362),(362,'$353.96',1,363),(363,'$373.99',1,364),(364,'$373.99',1,365),(365,'$329.10',1,366),(366,'$1,195.61',1,367),(367,'$1,714.26',1,368),(368,'$1,714.26',1,369),(369,'$1,714.26',1,370),(370,'$1,714.26',1,371),(371,'$2,492.70',1,372),(372,'$2,443.82',1,373),(373,'$2,443.82',1,374),(374,'$2,443.82',1,375),(375,'$2,443.82',1,376),(376,'$2,066.40',1,377),(377,'$2,066.40',1,378),(378,'$2,066.40',1,379),(379,'$2,066.40',1,380),(380,'$1,877.04',1,381),(381,'$1,877.04',1,382),(382,'$1,877.04',1,383),(383,'$1,877.04',1,384),(384,'$3,107.70',1,385),(385,'$27,437.15',1,386),(386,'$28,924.55',1,387),(387,'$2,256.15',1,388),(388,'$2,256.15',1,389),(389,'$2,256.15',1,390),(390,'$2,256.15',1,391),(391,'$23,323.11',1,392),(392,'$5,842.85',1,393),(393,'$5,594.55',1,394),(394,'$5,594.55',1,395),(395,'$2,163.53',1,396),(396,'$79.70',1,397),(397,'$79.70',1,398),(398,'$144.24',1,399),(399,'$144.24',1,400),(400,'$271.70',1,401),(401,'$271.70',1,402),(402,'$111.99',1,403),(403,'$111.99',1,404),(404,'$104.33',1,405),(405,'$104.33',1,406),(406,'$85.56',1,407),(407,'$85.56',1,408),(408,'$16,561.22',1,409),(409,'$9,307.95',1,410),(410,'',1,411),(411,'$27.51',1,412),(412,'$27.51',1,413),(413,'$27.51',1,414),(414,'$20.51',1,415),(415,'$20.51',1,416),(416,'$22.39',1,417),(417,'$22.39',1,418),(418,'$22.39',1,419),(419,'$152.10',1,420),(420,'$152.10',1,421),(421,'',1,422),(422,'$115.13',1,423),(423,'$115.13',1,424),(424,'$59.88',1,425),(425,'$59.88',1,426),(426,'$57.29',1,427),(427,'$57.29',1,428),(428,'$31.40',1,429),(429,'$31.40',1,430),(430,'$31.40',1,431),(431,'$41.55',1,432),(432,'$41.55',1,433),(433,'$35.75',1,434),(434,'$123.50',1,435),(435,'$38.36',1,436),(436,'$38.36',1,437),(437,'$38.36',1,438),(438,'$38.36',1,439),(439,'',1,440),(440,'',1,441),(441,'',1,442),(442,'',1,443),(443,'',1,444),(444,'',1,445),(445,'$465.74',1,446),(446,'$265.71',1,447),(447,'$1,238.39',1,448),(448,'$453.64',1,449),(449,'$533.65',1,450),(450,'$192.40',1,451),(451,'$192.40',1,452),(452,'$200.17',1,453),(453,'$200.17',1,454),(454,'$200.17',1,455),(455,'$483.70',1,456),(456,'$483.70',1,457),(457,'$2,011.23',1,458),(458,'$2,011.23',1,459),(459,'$2,011.23',1,460),(460,'$2,011.23',1,461),(461,'$2,011.23',1,462),(462,'$2,011.23',1,463),(463,'$274.43',1,464),(464,'$274.43',1,465),(465,'$274.43',1,466),(466,'$1,646.24',1,467),(467,'$2,632.75',1,468),(468,'$2,632.75',1,469),(469,'$2,632.75',1,470),(470,'$2,632.75',1,471),(471,'',1,472),(472,'$897.70',1,473),(473,'$729.95',1,474),(474,'$729.95',1,475),(475,'$729.95',1,476),(476,'$729.95',1,477),(477,'$760.43',1,478),(478,'$644.70',1,479),(479,'$644.70',1,480),(480,'$312.25',1,481),(481,'$220.50',1,482),(482,'$220.50',1,483),(483,'$220.50',1,484),(484,'$220.50',1,485),(485,'$54.46',1,486),(486,'$54.46',1,487),(487,'$54.46',1,488),(488,'$89.57',1,489),(489,'$89.57',1,490),(490,'$89.57',1,491),(491,'$126.44',1,492),(492,'$241.80',1,493),(493,'$3,858.52',1,494),(494,'$230.75',1,495),(495,'$117.65',1,496),(496,'$330.85',1,497),(497,'',1,498),(498,'',1,499),(499,'',1,500),(500,'$84.50',1,501),(501,'$84.50',1,502),(502,'$71.50',1,503),(503,'$3,492.45',1,504),(504,'$2,027.44',1,505),(505,'$2,878.48',1,506),(506,'$8,170.83',1,507),(507,'$31.79',1,508),(508,'$31.79',1,509),(509,'$31.79',1,510),(510,'$2,339.91',1,511),(511,'$3,453.37',1,512),(512,'$3,494.17',1,513),(513,'$1,482.70',1,514),(514,'$101.40',1,515),(515,'$808.60',1,516),(516,'$808.60',1,517),(517,'$84.31',1,518),(518,'$123.50',1,519);
